"study_number","standardized_species","commodity_group"
"1","Atlantic Salmon (Salmo salar)","Salmon"
"1","Chinook Salmon (Oncorhynchus tshawytscha)","Salmon"
"1","Chum Salmon (Oncorhynchus keta)","Salmon"
"1","Coho Salmon (Oncorhynchus kisutch)","Salmon"
"1","Pink Salmon (Oncorhynchus gorbuscha)","Salmon"
"1","Sockeye Salmon (Oncorhynchus nerka)","Salmon"
"10","Common Carp (Cyprinus carpio)","Cyprinids (Carp/Minnows)"
"10","Grass Carp (Ctenopharyngodon idella)","Cyprinids (Carp/Minnows)"
"10","Northern Snakehead (Channa argus)","Snakehead"
"10","Red Tilapia (no species specified)","Tilapia"
"10","Rohu (Labeo rohita)","Cyprinids (Carp/Minnows)"
"10","Sea Bass (no species identified)","Seabass/Sea Bream"
"10","Silver Carp (Hypophthalmichthys molitrix)","Cyprinids (Carp/Minnows)"
"100","Charm Abalone (Haliotis discus hannai)","Whelk/Abalone/Other Gastropods"
"100","Chinese Venus Clam (Cyclina sinensis)","Clam/Cockle"
"100","Gould's Razor Shell (Solen strictus)","Clam/Cockle"
"100","Manila Clam (Ruditapes philippinarum)","Clam/Cockle"
"100","Pacific Oyster (Crassostrea gigas)","Oyster"
"100","Sea Cucumber (Stichopus japonicas)","Sea cucumber/Urchin"
"100","Sea Mussel (Mytilus coruscus)","Mussel"
"100","Whiteleg Shrimp (Litopenaeus vannamei)","Shrimp/Prawn"
"102","Ayu Sweetfish (Plecoglossus altivelis)","Other or Not Otherwise Grouped Aquatic Foods"
"102","Japanese Sea Bass (Lateolabrax japonicus)","Seabass/Sea Bream"
"102","Milkfish (Chanos chanos)","Other or Not Otherwise Grouped Aquatic Foods"
"102","Oreochromis Hybrid (no species specified)","Tilapia"
"102","Whiteleg Shrimp (Litopenaeus vannamei)","Shrimp/Prawn"
"103","Charm Abalone (Haliotis discus hannai)","Whelk/Abalone/Other Gastropods"
"103","Chinese Venus Clam (Cyclina sinensis)","Clam/Cockle"
"103","Gould's Razor Shell (Solen strictus)","Clam/Cockle"
"103","Manila Clam (Ruditapes philippinarum)","Clam/Cockle"
"103","Pacific Oyster (Crassostrea gigas)","Oyster"
"103","Sea Mussel (Mytilus coruscus)","Mussel"
"103","Whiteleg Shrimp (Litopenaeus vannamei)","Shrimp/Prawn"
"104","Mussel (no species specified)","Mussel"
"104","Oyster (no species specified)","Oyster"
"104","Shrimp (no species specified)","Shrimp/Prawn"
"105","Ark Shell (no species specified)","Clam/Cockle"
"105","Catfish (no species specified)","Catfish"
"105","Clam (no species specified)","Clam/Cockle"
"105","Mussel (no species specified)","Mussel"
"105","Olive Flounder (no species specified)","Flatfish"
"105","Oyster (no species specified)","Oyster"
"106","Brown Alga (Padina boergessenii)","Seaweed/Algae"
"106","Seaweeds Red Alga (Kappaphycus alvarezii)","Seaweed/Algae"
"107","Bass (no species specified)","Other or Not Otherwise Grouped Aquatic Foods"
"107","Clam (no species specified)","Clam/Cockle"
"107","Japanese Sea Bass (Lateolabrax japonicus)","Seabass/Sea Bream"
"107","Mussel (no species specified)","Mussel"
"107","Oyster (no species specified)","Oyster"
"107","Razor Clam (no species specified)","Clam/Cockle"
"107","Red Drum (Sciaenops ocellatus)","Croaker/Drum"
"107","Red Sea Bream (Pagrus major)","Seabass/Sea Bream"
"107","Scallop (no species specified)","Scallop"
"107","Turbot (Scophthalmus maximus)","Whelk/Abalone/Other Gastropods"
"107","Whelk (no species specified)","Whelk/Abalone/Other Gastropods"
"107","Yellow Drum (Nibea albiflora)","Croaker/Drum"
"108","Clam (no species specified)","Clam/Cockle"
"108","Mussel (no species specified)","Mussel"
"109","Ark Shell (Scapharca subcrenata)","Clam/Cockle"
"109","Asian Green Mussel (Perna viridis)","Mussel"
"109","Asiatic Hard Clam (Meretrix meretrix)","Clam/Cockle"
"109","Atlantic Bay Scallop (Argopecten irradians)","Scallop"
"109","Blood Cockle (Tegillarca granosa)","Clam/Cockle"
"109","Chinese Razor Clam (Sinonovacula constricta)","Clam/Cockle"
"109","Chinese Venus Clam (Cyclina sinensis)","Clam/Cockle"
"109","Comb Pen Shell (Pinna pectinata)","Clam/Cockle"
"109","Grand Razor Shell (Solen grandis)","Clam/Cockle"
"109","Greasyback Shrimp (Metapenaeus ensis)","Shrimp/Prawn"
"109","Mud Crab (Scylla serrata)","Crab"
"109","Pacific Oyster (Crassostrea gigas)","Oyster"
"109","Red Swamp Crayfish (Procambarus clarkii)","Lobster/Crayfish"
"109","Variegated Carpet Shell (Ruditapes variegatus)","Clam/Cockle"
"109","Variously Coloured Abalone (Haliotis diversicolor)","Whelk/Abalone/Other Gastropods"
"109","Yesso Scallop (Patinopecten yessoensis)","Scallop"
"11","Common Cockle (Cerastoderma edule)","Clam/Cockle"
"11","Mediterranean Mussel (Mytilus galloprovincialis)","Mussel"
"110","Atlantic Salmon (Salmo salar)","Salmon"
"110","Clam (Tapes decussatus)","Clam/Cockle"
"110","Mediterranean Mussel (Mytilus galloprovincialis)","Mussel"
"111","Goldstriped Amberjack (Seriola lalandi)","Jack/Scad"
"113","Clam (no species specified)","Clam/Cockle"
"113","Oyster (no species specified)","Oyster"
"114","Clam (no species specified)","Clam/Cockle"
"114","Oyster (no species specified)","Oyster"
"114","Salmon (no species specified)","Salmon"
"114","Scallop (no species specified)","Scallop"
"114","Tilapia (no species specified)","Tilapia"
"114","Turbot (Scophthalmus maximus)","Whelk/Abalone/Other Gastropods"
"115","Blue Swimmer Crab (Portunus armatus)","Crab"
"115","Klunzinger's Mullet (Liza klunzingeri)","Mullet"
"117","Catfish (no species specified)","Catfish"
"117","Snakehead (no species specified)","Snakehead"
"117","Stuffed Snails (no species specified)","Whelk/Abalone/Other Gastropods"
"119","Hard Clam (Meretrix lusoria)","Clam/Cockle"
"120","Green Mud Crab (Scylla paramamosain)","Crab"
"120","Oyster (Crassostrea rivularis gould)","Oyster"
"120","Whiteleg Shrimp (Litopenaeus vannamei)","Shrimp/Prawn"
"121","Asiatic Hard Clam (Meretrix meretrix)","Clam/Cockle"
"122","European Sea Bass (Dicentrarchus labrax)","Seabass/Sea Bream"
"122","Gilthead Sea Bream (Sparus aurata)","Seabass/Sea Bream"
"122","Mediterranean Mussel (Mytilus galloprovincialis)","Mussel"
"122","Red Mullet (Mullus barbatus)","Mullet"
"122","Sea Mullet (Mugil cephalus)","Mullet"
"123","Amandes Clam (no species specified)","Clam/Cockle"
"123","Cockle (no species specified)","Clam/Cockle"
"123","Hard Clam (Mercenaria mercenaria)","Clam/Cockle"
"123","Manila Clam (Ruditapes philippinarum)","Clam/Cockle"
"123","Mussel (no species specified)","Mussel"
"123","Ocean Perch (no species specified)","Perch/Sunfish"
"123","Oyster (no species specified)","Oyster"
"123","Razor Clam (no species specified)","Clam/Cockle"
"123","Salmon (no species specified)","Salmon"
"123","Scallops (no species specified)","Scallop"
"124","Salmon Roe (no species specified)","Salmon"
"125","Amanda Cockle (Glycymeris glycymeris)","Clam/Cockle"
"125","Blue Mussel (Mytilus edulis)","Mussel"
"125","Manila Clam (Ruditapes philippinarum)","Clam/Cockle"
"125","Mediterranean Mussel (Mytilus galloprovincialis)","Mussel"
"125","Pacific Oyster (Crassostrea gigas)","Oyster"
"125","Portuguese Oyster (Crassostrea angulata)","Oyster"
"126","Common Carp (Cyprinus carpio)","Cyprinids (Carp/Minnows)"
"127","Giant African Land Snail (Achatina fulica)","Whelk/Abalone/Other Gastropods"
"127","Hard Clam (Egeria radiata)","Clam/Cockle"
"127","Sea Snail (Dorsanum miran)","Whelk/Abalone/Other Gastropods"
"127","West African Mud Creeper (Tympanotonos fuscatus)","Whelk/Abalone/Other Gastropods"
"129","Nile Tilapia (Oreochromis niloticus)","Tilapia"
"129","Rainbow Trout (Oncorhynchus mykiss)","Salmon"
"13","Atlantic Salmon (Salmo salar)","Salmon"
"130","Tilapia (no species specified)","Tilapia"
"131","Clam (no species specified)","Clam/Cockle"
"132","African Catfish (Clarias gariepinus)","Catfish"
"133","Brown Algae (Laminaria japonica)","Seaweed/Algae"
"133","Greasyback Shrimp (Metapenaeus ensis)","Shrimp/Prawn"
"133","Korean Hard Clam (Meretrix petechialis)","Clam/Cockle"
"133","Manila Clam (Ruditapes philippinarum)","Clam/Cockle"
"133","Nori (Porphyra tenera)","Seaweed/Algae"
"133","Oyster (no species specified)","Oyster"
"133","Red Porgy (no species specified)","Seabass/Sea Bream"
"133","Sea Perch (no species specified)","Perch/Sunfish"
"133","Yellowfin Seabream (Acanthopagrus latus)","Seabass/Sea Bream"
"134","Mediterranean Mussel (Mytilus galloprovincialis)","Mussel"
"134","Striped Mullet (no species specified)","Mullet"
"137","Abalone (no species specified)","Whelk/Abalone/Other Gastropods"
"137","Clam (no species specified)","Clam/Cockle"
"137","Mussel (no species specified)","Mussel"
"137","Oyster (no species specified)","Oyster"
"137","Scallops (no species specified)","Scallop"
"138","Blue Crab (Callinectes sapidus)","Crab"
"138","Carib Pointed-Venus (Anomalocardia brasiliana)","Clam/Cockle"
"138","Gafftopsail Catfish (Bagre marinus)","Catfish"
"139","Mediterranean Mussel (Mytilus galloprovincialis)","Mussel"
"14","Bighead Carp (Aristichthys nobilis)","Cyprinids (Carp/Minnows)"
"14","Blunt Snout Bream (Megalobrama amblycephala)","Seabass/Sea Bream"
"14","Crucian Carp (Carassius carassius)","Cyprinids (Carp/Minnows)"
"14","Grass Carp (Ctenopharyngodon idella)","Cyprinids (Carp/Minnows)"
"14","Largemouth Bass (Micropterus salmoides)","Other or Not Otherwise Grouped Aquatic Foods"
"14","Mud Carp (Cirrhinus molitorella)","Cyprinids (Carp/Minnows)"
"14","Sea Mullet (Mugil cephalus)","Mullet"
"14","Tilapia (no species specified)","Tilapia"
"140","Kelp (Laminaria digitata)","Seaweed/Algae"
"141","Atlantic Cod (Gadus morhua)","Cod"
"141","Clam (Tapes philippinarum)","Clam/Cockle"
"141","European Flat Oyster (Ostrea edulis)","Oyster"
"141","European Sea Bass (Dicentrarchus labrax)","Seabass/Sea Bream"
"141","Gilthead Sea Bream (Sparus aurata)","Seabass/Sea Bream"
"141","Mediterranean Mussel (Mytilus galloprovincialis)","Mussel"
"141","Mullet (no species specified)","Mullet"
"141","Murexes (Bolinus brandaris)","Whelk/Abalone/Other Gastropods"
"141","Salmon (no species specified)","Salmon"
"141","Sea Urchin (Paracentrotus lividus)","Sea cucumber/Urchin"
"141","Striped Catfish (Pangasisanodon hypophthalmus)","Catfish"
"142","Antique Mactra (Coelomactra antiquate)","Clam/Cockle"
"142","Asian Green Mussel (Perna viridis)","Mussel"
"142","Bladder Moon Snail (Glossaulax didyma)","Whelk/Abalone/Other Gastropods"
"142","Blood Cockle (Tegillarca granosa)","Clam/Cockle"
"142","Broughton's Ribbed Ark (Scapharca broughtonii)","Clam/Cockle"
"142","Chinese Razor Clam (Sinonovacula constricta)","Clam/Cockle"
"142","Chinese Venus Clam (Cyclina sinensis)","Clam/Cockle"
"142","Gould's Razor Shell (Solen strictus)","Clam/Cockle"
"142","Korean Ark Shell (Scapharca kagoshimensis)","Clam/Cockle"
"142","Korean Hard Clam (Meretrix petechialis)","Clam/Cockle"
"142","Manila Clam (Ruditapes philippinarum)","Clam/Cockle"
"142","Mediterranean Mussel (Mytilus galloprovincialis)","Mussel"
"142","Princess Venus (Periglypta puerpera)","Clam/Cockle"
"142","Scallops (Chlamys farreri)","Scallop"
"142","Sea Mussel (Mytilus coruscus)","Mussel"
"142","Siquijor Nassa (Nassarius siquijorensis)","Whelk/Abalone/Other Gastropods"
"142","Sunray Surfclam (Mactra chinensis)","Clam/Cockle"
"142","Surf Clam (Mactra veneriformis)","Clam/Cockle"
"142","Tiger Moon Snail (Natica tigrina)","Whelk/Abalone/Other Gastropods"
"142","Turnip Rapa (Rapana rapiformis)","Whelk/Abalone/Other Gastropods"
"142","Veined Rapa Whelk (Rapana venosa)","Whelk/Abalone/Other Gastropods"
"142","Whiteleg Shrimp (Litopenaeus vannamei)","Shrimp/Prawn"
"143","Atlantic Salmon (Salmo salar)","Salmon"
"143","Catfish (no species specified)","Catfish"
"143","Rainbow Trout (Oncorhynchus mykiss)","Salmon"
"143","Shrimp (no species specified)","Shrimp/Prawn"
"143","Striped Catfish (Pangasisanodon hypophthalmus)","Catfish"
"143","Tilapia (no species specified)","Tilapia"
"145","Keli (no species specified)","Catfish"
"145","Patin (Pangasius sutchii)","Catfish"
"145","Red Tilapia (no species specified)","Tilapia"
"146","Lumpfish (Cyclopterus lumpus)","Other or Not Otherwise Grouped Aquatic Foods"
"147","Barramundi (Lates calcarifer)","Seabass/Sea Bream"
"147","Tilapia (no species specified)","Tilapia"
"148","Salmon (no species specified)","Salmon"
"149","Blue Swimming Crab (Portunus segnis)","Crab"
"149","Greenback Mullet (Liza subviridis)","Mullet"
"149","John's Snapper (Lutjanus johnii)","Snapper"
"149","Pacific Oyster (Crassostrea gigas)","Oyster"
"15","Bighead Carp (Aristichthys nobilis)","Cyprinids (Carp/Minnows)"
"15","Catfish (Clarias fuscus)","Catfish"
"15","Golden Threadfin Bream (Nemipterus virgatus)","Seabass/Sea Bream"
"15","Grass Carp (Ctenopharyngodon idella)","Cyprinids (Carp/Minnows)"
"15","Mud Carp (Cirrhinus molitorella)","Cyprinids (Carp/Minnows)"
"15","Rice Field Eel (Monopterus albus)","Eel"
"15","Sea Mullet (Mugil cephalus)","Mullet"
"15","Snakehead (Channa asiatiea)","Snakehead"
"15","Snubnose Pompano (Trachinotus blochii)","Pomfret"
"15","Spotted Snakehead (Channa maculate)","Snakehead"
"15","Tilapia (Oreochromis mossambicus)","Tilapia"
"15","Yellowfin Seabream (Acanthopagrus latus)","Seabass/Sea Bream"
"151","Manila Clam (Ruditapes philippinarum)","Clam/Cockle"
"152","European Eel (Anguilla anguilla)","Eel"
"152","European Sea Bass (Dicentrarchus labrax)","Seabass/Sea Bream"
"152","Gilthead Sea Bream (Sparus aurata)","Seabass/Sea Bream"
"152","Rainbow Trout (Oncorhynchus mykiss)","Salmon"
"152","Red Mullet (Mullus barbatus)","Mullet"
"152","Sea Mullet (Mugil cephalus)","Mullet"
"152","Thinlip Mullet (Liza ramada)","Mullet"
"153","Oyster (no species specified)","Oyster"
"154","Clam (no species specified)","Clam/Cockle"
"154","Mussel (no species specified)","Mussel"
"155","Asian Green Mussel (Perna viridis)","Mussel"
"155","Ass's Ear Abalone (Haliotis asinina)","Whelk/Abalone/Other Gastropods"
"155","Blue Swimming Crab (Portunus pelagicus)","Crab"
"155","Greater Amberjack (Seriola dumerili)","Jack/Scad"
"155","King Soldierbream (Argyrops spinifer)","Seabass/Sea Bream"
"155","New Zealand Rock Oyster (Saccostrea commercialis)","Oyster"
"155","Ornate Venus (Lioconcha ornata)","Clam/Cockle"
"155","Sea Mullet (Mugil cephalus)","Mullet"
"156","Bivalve (Tapes spp.)","Other or Not Otherwise Grouped Aquatic Foods"
"156","Bivalve (Tellina spp.)","Other or Not Otherwise Grouped Aquatic Foods"
"156","Blue Mussel (Mytilus edulis)","Mussel"
"156","Clam (no species specified)","Clam/Cockle"
"156","European Flat Oyster (Ostrea edulis)","Oyster"
"156","Mediterranean Mussel (Mytilus galloprovincialis)","Mussel"
"156","Pacific Oyster (Crassostrea gigas)","Oyster"
"156","Peruvian Scallop (Argopecten purpuratus)","Scallop"
"156","Scallop (Pecten jacobaeus)","Scallop"
"156","Sea Snail (Murex spp.)","Whelk/Abalone/Other Gastropods"
"156","Striped Venus (Chamelea gallina)","Clam/Cockle"
"156","Warty Venus (Venus verrucosa)","Clam/Cockle"
"157","Mussel (no species specified)","Mussel"
"158","Clam (no species specified)","Clam/Cockle"
"158","Mussel (no species specified)","Mussel"
"159","Ark Shell (Scapharca subcrenata)","Clam/Cockle"
"159","Asiatic Hard Clam (Meretrix meretrix)","Clam/Cockle"
"159","Atlantic Bay Scallop (Argopecten irradians)","Scallop"
"159","Bighead Carp (Aristichthys nobilis)","Cyprinids (Carp/Minnows)"
"159","Blood Cockle (Tegillarca granosa)","Clam/Cockle"
"159","Blunt Snout Bream (Megalobrama amblycephala)","Seabass/Sea Bream"
"159","Chinese Mystery Snail (Cipangopaludina cahayensis)","Whelk/Abalone/Other Gastropods"
"159","Chinese Razor Clam (Sinonovacula constricta)","Clam/Cockle"
"159","Chinese Venus Clam (Cyclina sinensis)","Clam/Cockle"
"159","Common Mullet (Mugil cephalus)","Mullet"
"159","Crimson Snapper (Lutjanus erythropterus)","Snapper"
"159","Giant Ezo Scallop (Patinopecten yessoensis)","Scallop"
"159","Golden Threadfin Bream (Nemipterus virgatus)","Seabass/Sea Bream"
"159","Grand Razor Shell (Solen grandis)","Clam/Cockle"
"159","Grass Carp (Ctenopharyngodon idella)","Cyprinids (Carp/Minnows)"
"159","Greasyback Shrimp (Metapenaeus ensis)","Shrimp/Prawn"
"159","Largemouth Bass (Micropterus salmoides)","Other or Not Otherwise Grouped Aquatic Foods"
"159","Mandarin fish (Siniperca chuatsi)","Perch/Sunfish"
"159","Mud Crab (Scylla serrata)","Crab"
"159","Northern Snakehead (Channa argus)","Snakehead"
"159","Pacific Oyster (Crassostrea gigas)","Oyster"
"159","Red Drum (Sciaenops ocellatus)","Croaker/Drum"
"159","Red Swamp Crayfish (Procambarus clarkii)","Lobster/Crayfish"
"159","Sea Snail (Pinna pectinate)","Clam/Cockle"
"159","Snubnose Pompano (Trachinotus blochii)","Pomfret"
"159","Tilapia (no species specified)","Tilapia"
"159","Variegated Carpet Shell (Ruditapes variegatus)","Clam/Cockle"
"159","Variously Coloured Abalone (Haliotis diversicolor)","Whelk/Abalone/Other Gastropods"
"16","Ark Shell (Scapharca subcrenata)","Clam/Cockle"
"16","Clam (Tapes philippinarum)","Clam/Cockle"
"16","Pacific Oyster (Crassostrea gigas)","Oyster"
"160","Atlantic Cod (Gadus morhua)","Cod"
"160","Blue Mussel (Mytilus edulis)","Mussel"
"160","Carpet Shell (no species specified)","Other or Not Otherwise Grouped Aquatic Foods"
"160","Clam (no species specified)","Clam/Cockle"
"160","European Sea Bass (Dicentrarchus labrax)","Seabass/Sea Bream"
"160","Gilthead Sea Bream (Sparus aurata)","Seabass/Sea Bream"
"160","Red Mullet (Mullus barbatus)","Mullet"
"161","Clam (no species specified)","Clam/Cockle"
"161","Mussel (no species specified)","Mussel"
"161","Scallop (no species specified)","Scallop"
"162","Shabout (Barbus sharpeyi)","Cyprinids (Carp/Minnows)"
"163","Mediterranean Mussel (Mytilus galloprovincialis)","Mussel"
"164","Atlantic Cod (Gadus morhua)","Cod"
"164","Mussel (no species specified)","Mussel"
"164","Oyster (no species specified)","Oyster"
"164","Pangasius (no species specified)","Catfish"
"164","Salmon (no species specified)","Salmon"
"164","Tilapia (no species specified)","Tilapia"
"165","Manila Clam (Ruditapes philippinarum)","Clam/Cockle"
"165","Mussel (no species specified)","Mussel"
"165","Sea Urchin (no species specified)","Sea cucumber/Urchin"
"165","Wedge Clam (Donax trunculus)","Clam/Cockle"
"166","Amur Catfish (Parasilurus asotus)","Catfish"
"166","Ark Shell (Scapharca subcrenata)","Clam/Cockle"
"166","Blue Mussel (Mytilus edulis)","Mussel"
"166","Chum Salmon (Oncorhynchus keta)","Salmon"
"166","Clam (Tapes philippinarum)","Clam/Cockle"
"166","Flatfish (Paralichthys olivaceus)","Flatfish"
"166","Gazami Crab (Portunus trituberculatus)","Crab"
"166","Hard Clam (Meretrix lusoria)","Clam/Cockle"
"166","Japanese Amberjack (Seriola quinqueradiata)","Jack/Scad"
"166","Japanese Sea Cucumber (Stichopus japonicus)","Sea cucumber/Urchin"
"166","Pacific Oyster (Crassostrea gigas)","Oyster"
"166","Red Sea Bream (Pagrus major)","Seabass/Sea Bream"
"166","Rosy Seabass (Doederleinia berycoides)","Seabass/Sea Bream"
"166","Scallops (Chlamys farreri)","Scallop"
"166","Sea Mullet (Mugil cephalus)","Mullet"
"166","Sea Squirt (Halocynthia roretzi)","Other or Not Otherwise Grouped Aquatic Foods"
"168","Calico Scallop (Argopecten gibbus)","Scallop"
"168","Cockle (no species specified)","Clam/Cockle"
"168","Great Scallop (Pecten maximus)","Scallop"
"168","Mussel (no species specified)","Mussel"
"168","Oyster (no species specified)","Oyster"
"168","Salmon (no species specified)","Salmon"
"168","Sea Bass (no species specified)","Seabass/Sea Bream"
"168","Sea Bream (no species specified)","Seabass/Sea Bream"
"168","Sea Urchin (no species specified)","Sea cucumber/Urchin"
"168","Whelk (no species specified)","Whelk/Abalone/Other Gastropods"
"169","Whiteleg Shrimp (Litopenaeus vannamei)","Shrimp/Prawn"
"17","Atlantic Salmon (Salmo salar)","Salmon"
"17","Cockle (Anadaraina inaequivalvis)","Clam/Cockle"
"17","Crimson Snapper (Lutjanus erythropterus)","Snapper"
"17","Garfish (Hemiramphidae family)","Other or Not Otherwise Grouped Aquatic Foods"
"17","Green Crab (Carcinus maenas)","Crab"
"17","Scallop (Lethrinus spp.)","Scallop"
"171","Bighead Carp (Aristichthys nobilis)","Cyprinids (Carp/Minnows)"
"171","Grass Carp (Ctenopharyngodon idella)","Cyprinids (Carp/Minnows)"
"171","Mud Carp (Cirrhinus molitorella)","Cyprinids (Carp/Minnows)"
"172","Carp (no species specified)","Cyprinids (Carp/Minnows)"
"172","Catfish (no species specified)","Catfish"
"172","Crayfish (no species specified)","Lobster/Crayfish"
"172","Mussel (no species specified)","Mussel"
"172","Salmon (no species specified)","Salmon"
"172","Tilapia (no species specified)","Tilapia"
"172","Trout (no species specified)","Trout"
"172","Walleye (Sander vitreus)","Perch/Sunfish"
"173","Salmon (no species specified)","Salmon"
"173","Tilapia (no species specified)","Tilapia"
"174","Salmon (no species specified)","Salmon"
"176","Asian Green Mussel (Perna viridis)","Mussel"
"177","Mozambique Tilapia (Tilapia mossambicus)","Tilapia"
"177","Mrigal Carp (Cirrhinus cirrhosus)","Cyprinids (Carp/Minnows)"
"177","Rohu (Labeo rohita)","Cyprinids (Carp/Minnows)"
"179","European Sea Bass (Dicentrarchus labrax)","Seabass/Sea Bream"
"179","Gilthead Sea Bream (Sparus aurata)","Seabass/Sea Bream"
"179","Mediterranean Mussel (Mytilus galloprovincialis)","Mussel"
"179","Red Mullet (Mullus barbatus)","Mullet"
"179","Sea Mullet (Mugil cephalus)","Mullet"
"18","Grass Carp (Ctenopharyngodon idella)","Cyprinids (Carp/Minnows)"
"18","Grey Mullet (no species specified)","Mullet"
"18","Mandarin fish (Siniperca chuatsi)","Perch/Sunfish"
"18","Oyster (no species specified)","Oyster"
"18","Salmon (no species specified)","Salmon"
"18","Scallop (no species specified)","Scallop"
"180","Asiatic Hard Clam (Meretrix meretrix)","Clam/Cockle"
"180","Black Clam (Villorita cyprinoides)","Clam/Cockle"
"180","Hard Clam (Mercenaria species)","Clam/Cockle"
"180","Pearl Spot (Etroplus suratensis)","Other or Not Otherwise Grouped Aquatic Foods"
"180","Sunetta Clam (Sunetta species)","Clam/Cockle"
"181","American Lobster (Homarus americanus)","Lobster/Crayfish"
"181","Black Sea Bass (no species specified)","Seabass/Sea Bream"
"181","Sablefish (Anoplopoma fimbria)","Other or Not Otherwise Grouped Aquatic Foods"
"181","Striped Bass (Morone saxatilis)","Other or Not Otherwise Grouped Aquatic Foods"
"182","Clam (no species specified)","Clam/Cockle"
"182","Mussel (no species specified)","Mussel"
"182","Oyster (no species specified)","Oyster"
"182","Salmon (no species specified)","Salmon"
"183","Clam (no species specified)","Clam/Cockle"
"183","Common Cockle (Cerastoderma edule)","Clam/Cockle"
"183","Grooved Carpet Shell (Ruditapes decussatus)","Clam/Cockle"
"183","Mediterranean Mussel (Mytilus galloprovincialis)","Mussel"
"184","Channel Catfish (Ictalurus punctatus)","Catfish"
"184","Rainbow Trout (Oncorhynchus mykiss)","Salmon"
"184","Red Swamp Crayfish (Procambarus clarkii)","Lobster/Crayfish"
"185","Asiatic Hard Clam (Meretrix meretrix)","Clam/Cockle"
"185","Backwater Clam (Meretrix casta)","Clam/Cockle"
"185","Indian Backwater Oyster (Crassostrea madrasensis)","Oyster"
"185","Pink Perch (no species specified)","Perch/Sunfish"
"186","Clam (no species specified)","Clam/Cockle"
"186","Mediterranean Mussel (Mytilus galloprovincialis)","Mussel"
"188","Common Carp (Cyprinus carpio)","Cyprinids (Carp/Minnows)"
"189","European Sea Bass (Dicentrarchus labrax)","Seabass/Sea Bream"
"189","Gilthead Sea Bream (Sparus aurata)","Seabass/Sea Bream"
"189","Mediterranean Mussel (Mytilus galloprovincialis)","Mussel"
"189","Red Mullet (Mullus barbatus)","Mullet"
"189","Sea Mullet (Mugil cephalus)","Mullet"
"19","Ark Shell (Scapharca subcrenata)","Clam/Cockle"
"19","Asian Green Mussel (Perna viridis)","Mussel"
"19","Asiatic Hard Clam (Meretrix meretrix)","Clam/Cockle"
"19","Atlantic Bay Scallop (Argopecten irradians)","Scallop"
"19","Bighead Carp (Aristichthys nobilis)","Cyprinids (Carp/Minnows)"
"19","Blood Cockle (Tegillarca granosa)","Clam/Cockle"
"19","Blunt Snout Bream (Megalobrama amblycephala)","Seabass/Sea Bream"
"19","Chinese Razor Clam (Sinonovacula constricta)","Clam/Cockle"
"19","Chinese Venus Clam (Cyclina sinensis)","Clam/Cockle"
"19","Crimson Snapper (Lutjanus erythropterus)","Snapper"
"19","Golden Threadfin Bream (Nemipterus virgatus)","Seabass/Sea Bream"
"19","Grand Razor Shell (Solen grandis)","Clam/Cockle"
"19","Grass Carp (Ctenopharyngodon idella)","Cyprinids (Carp/Minnows)"
"19","Greasyback Shrimp (Metapenaeus ensis)","Shrimp/Prawn"
"19","Largemouth Bass (Micropterus salmoides)","Other or Not Otherwise Grouped Aquatic Foods"
"19","Mandarin fish (Siniperca chuatsi)","Perch/Sunfish"
"19","Mud Crab (Scylla serrata)","Crab"
"19","Northern Snakehead (Channa argus)","Snakehead"
"19","Pacific Oyster (Crassostrea gigas)","Oyster"
"19","Red Drum (Sciaenops ocellatus)","Croaker/Drum"
"19","Red Swamp Crayfish (Procambarus clarkii)","Lobster/Crayfish"
"19","Sea Mullet (Mugil cephalus)","Mullet"
"19","Snubnose Pompano (Trachinotus blochii)","Pomfret"
"19","Tilapia (no species specified)","Tilapia"
"19","Variegated Carpet Shell (Ruditapes variegatus)","Clam/Cockle"
"19","Variously Coloured Abalone (Haliotis diversicolor)","Whelk/Abalone/Other Gastropods"
"19","Yesso Scallop (Patinopecten yessoensis)","Scallop"
"190","Clam (no species specified)","Clam/Cockle"
"191","Blue Mussel (Mytilus edulis)","Mussel"
"191","Clam (Tapes decussatus)","Clam/Cockle"
"191","Gilthead Sea Bream (Sparus aurata)","Seabass/Sea Bream"
"191","Striped Venus (Chamelea gallina)","Clam/Cockle"
"191","Wedge Clam (Donax trunculus)","Clam/Cockle"
"193","Bluegill (Lepomis macrochirus)","Perch/Sunfish"
"194","Clam (Tapes decussatus)","Clam/Cockle"
"194","Mediterranean Mussel (Mytilus galloprovincialis)","Mussel"
"196","Calico Scallop (Argopecten gibbus)","Scallop"
"196","Cockle (no species specified)","Clam/Cockle"
"196","Great Scallop (Pecten maximus)","Scallop"
"196","Lobster (no species specified)","Lobster/Crayfish"
"196","Mussel (no species specified)","Mussel"
"196","Oyster (no species specified)","Oyster"
"196","Salmon (no species specified)","Salmon"
"196","Sea Bass (no species specified)","Seabass/Sea Bream"
"196","Sea Bream (no species specified)","Seabass/Sea Bream"
"196","Sea Urchin (no species specified)","Sea cucumber/Urchin"
"196","Whelk (no species specified)","Whelk/Abalone/Other Gastropods"
"197","Mullet (no species specified)","Mullet"
"198","Clam (no species specified)","Clam/Cockle"
"198","Lobster (no species specified)","Lobster/Crayfish"
"198","Mussel (no species specified)","Mussel"
"198","Oyster (no species specified)","Oyster"
"199","Mediterranean Mussel (Mytilus galloprovincialis)","Mussel"
"2","Atlantic Salmon (Salmo salar)","Salmon"
"2","Chinook Salmon (Oncorhynchus tshawytscha)","Salmon"
"2","Coho Salmon (Oncorhynchus kisutch)","Salmon"
"2","Sockeye Salmon (Oncorhynchus nerka)","Salmon"
"20","Climbing Perch (Anabas testudineus)","Perch/Sunfish"
"20","Crucian Carp (Carassius carassius)","Cyprinids (Carp/Minnows)"
"20","Mud Carp (Cirrhinus molitorella)","Cyprinids (Carp/Minnows)"
"200","Clam (no species specified)","Clam/Cockle"
"200","Mussel (no species specified)","Mussel"
"200","Red Mullet (Mullus barbatus)","Mullet"
"200","Salmon (no species specified)","Salmon"
"201","Asian Green Mussel (Perna viridis)","Mussel"
"201","Equilateral Venus (Gomphina veneriformis)","Clam/Cockle"
"201","Greasyback Shrimp (Metapenaeus ensis)","Shrimp/Prawn"
"201","Oyster (no species specified)","Oyster"
"201","Poker-Chip Venus (Meretrix lusorua)","Clam/Cockle"
"202","Blue Mussel (Mytilus edulis)","Mussel"
"202","Largemouth Bass (Micropterus salmoides)","Other or Not Otherwise Grouped Aquatic Foods"
"202","Lebranche mullet (Mugil liza)","Mullet"
"202","Salmon (Salmon salar)","Salmon"
"203","Atlantic Salmon (Salmo salar)","Salmon"
"203","Clam (Tapes decussatus)","Clam/Cockle"
"203","Mediterranean Mussel (Mytilus galloprovincialis)","Mussel"
"204","Clam (no species specified)","Clam/Cockle"
"204","Oyster (no species specified)","Oyster"
"205","Ark Shell (Scapharca subcrenata)","Clam/Cockle"
"205","Asian Green Mussel (Perna viridis)","Mussel"
"205","Asiatic Hard Clam (Meretrix meretrix)","Clam/Cockle"
"205","Atlantic Bay Scallop (Argopecten irradians)","Scallop"
"205","Blood Cockle (Tegillarca granosa)","Clam/Cockle"
"205","Chinese Razor Clam (Sinonovacula constricta)","Clam/Cockle"
"205","Chinese Venus Clam (Cyclina sinensis)","Clam/Cockle"
"205","Comb Pen Shell (Pinna pectinata)","Clam/Cockle"
"205","Grand Razor Shell (Solen grandis)","Clam/Cockle"
"205","Greasyback Shrimp (Metapenaeus ensis)","Shrimp/Prawn"
"205","Mud Crab (Scylla serrata)","Crab"
"205","Pacific Oyster (Crassostrea gigas)","Oyster"
"205","Red Swamp Crayfish (Procambarus clarkii)","Lobster/Crayfish"
"205","Variegated Carpet Shell (Ruditapes variegatus)","Clam/Cockle"
"205","Variously Coloured Abalone (Haliotis diversicolor)","Whelk/Abalone/Other Gastropods"
"205","Yesso Scallop (Patinopecten yessoensis)","Scallop"
"206","Mediterranean Mussel (Mytilus galloprovincialis)","Mussel"
"206","Sea Mullet (Mugil cephalus)","Mullet"
"206","Sea Trout (Salmo trutta)","Salmon"
"207","Striped Venus (Chamelea gallina)","Clam/Cockle"
"207","Wedge Clam (Donax trunculus)","Clam/Cockle"
"207","White Sea Bream (Diplodus sargus)","Seabass/Sea Bream"
"208","Great Scallop (Pecten maximus)","Scallop"
"208","Lobster (no species specified)","Lobster/Crayfish"
"208","Mussel (no species specified)","Mussel"
"208","Norway Lobster (Nephrops norvegicus)","Lobster/Crayfish"
"209","Asian Green Mussel (Perna viridis)","Mussel"
"209","Chinese Spiny Lobster (Panulirus stimpsoni)","Lobster/Crayfish"
"209","Equilateral Venus (Gomphina veneriformis)","Clam/Cockle"
"209","Gazami Crab (Portunus trituberculatus)","Crab"
"209","Greasyback Shrimp (Metapenaeus ensis)","Shrimp/Prawn"
"209","Oyster (no species specified)","Oyster"
"209","Poker-Chip Venus (Meretrix lusorua)","Clam/Cockle"
"21","Oyster (no species specified)","Oyster"
"210","Atlantic Bay Scallop (Argopecten irradians)","Scallop"
"210","Black Bass (no species specified)","Other or Not Otherwise Grouped Aquatic Foods"
"210","Catfish (no species specified)","Catfish"
"210","Tilapia (no species specified)","Tilapia"
"211","Ark Shell (no species specified)","Clam/Cockle"
"211","Cockle (no species specified)","Clam/Cockle"
"211","Goldstriped Amberjack (Seriola lalandi)","Jack/Scad"
"211","Greater Amberjack (Seriola dumerili)","Jack/Scad"
"211","Japanese Scallop (Mizuhopecten yessoensis)","Scallop"
"211","Japanese Sea Bass (Lateolabrax japonicus)","Seabass/Sea Bream"
"211","Ocellate Puffer (Takifugu ocellatus)","Other or Not Otherwise Grouped Aquatic Foods"
"211","Oyster (no species specified)","Oyster"
"211","Red Sea Bream (Pagrus major)","Seabass/Sea Bream"
"211","Salmon (no species specified)","Salmon"
"211","Salmon Roe (no species specified)","Salmon"
"211","Scallop (no species specified)","Scallop"
"211","Surf Clam (no species specified)","Clam/Cockle"
"211","Yellow Clam (no species specified)","Clam/Cockle"
"212","Algae (no species specified)","Seaweed/Algae"
"212","Catfish (no species specified)","Catfish"
"212","Mussel (no species specified)","Mussel"
"212","Salmon (no species specified)","Salmon"
"212","Trout (no species specified)","Trout"
"213","Cockle (no species specified)","Clam/Cockle"
"213","Mussel (no species specified)","Mussel"
"213","Shrimp (no species specified)","Shrimp/Prawn"
"214","Norway Lobster (Nephrops norvegicus)","Lobster/Crayfish"
"214","Red Mullet (Mullus barbatus)","Mullet"
"215","Gilthead Sea Bream (Sparus aurata)","Seabass/Sea Bream"
"215","Mediterranean Mussel (Mytilus galloprovincialis)","Mussel"
"216","Crab (no species specified)","Crab"
"216","Crayfish (no species specified)","Lobster/Crayfish"
"216","Lobster (no species specified)","Lobster/Crayfish"
"216","Shrimp (no species specified)","Shrimp/Prawn"
"217","Catla (Labeo catla)","Cyprinids (Carp/Minnows)"
"217","Mrigal Carp (Cirrhinus cirrhosus)","Cyprinids (Carp/Minnows)"
"217","Rohu (Labeo rohita)","Cyprinids (Carp/Minnows)"
"218","Hooded Oyster (Saccostrea cucullata)","Oyster"
"219","Atlantic Salmon (Salmo salar)","Salmon"
"219","European Flat Oyster (Ostrea edulis)","Oyster"
"219","Great Scallop (Pecten maximus)","Scallop"
"219","Pacific Oyster (Crassostrea gigas)","Oyster"
"22","Calico Scallop (Argopecten gibbus)","Scallop"
"22","Cockle (no species specified)","Clam/Cockle"
"22","Great Scallop (Pecten maximus)","Scallop"
"22","Lobster (no species specified)","Lobster/Crayfish"
"22","Mussel (no species specified)","Mussel"
"22","Oyster (no species specified)","Oyster"
"22","Salmon (no species specified)","Salmon"
"22","Sea Bass (no species specified)","Seabass/Sea Bream"
"22","Sea Bream (no species specified)","Seabass/Sea Bream"
"22","Sea Urchin (no species specified)","Sea cucumber/Urchin"
"22","Whelk (no species specified)","Whelk/Abalone/Other Gastropods"
"220","Whiteleg Shrimp (Litopenaeus vannamei)","Shrimp/Prawn"
"221","Salmon (no species specified)","Salmon"
"221","Shrimp (no species specified)","Shrimp/Prawn"
"221","Tilapia (no species specified)","Tilapia"
"223","Giant Snakehead (Channa micropeltes)","Snakehead"
"223","Pangasius Catfish (Pangasius hypophthalmus)","Catfish"
"224","Bighead Carp (Aristichthys nobilis)","Cyprinids (Carp/Minnows)"
"224","Channel Catfish (Ictalurus punctatus)","Catfish"
"224","Common Carp (Cyprinus carpio)","Cyprinids (Carp/Minnows)"
"224","Far Eastern Catfish (Silurus asotus)","Catfish"
"224","Goldfish (Carassius auratus)","Cyprinids (Carp/Minnows)"
"224","Grass Carp (Ctenopharyngodon idella)","Cyprinids (Carp/Minnows)"
"224","Mirror Carp (Cyprinus carpio specularis)","Cyprinids (Carp/Minnows)"
"224","Rock Carp (Procypris mterus)","Cyprinids (Carp/Minnows)"
"224","Silver Carp (Hypophthalmichthys molitrix)","Cyprinids (Carp/Minnows)"
"224","Yellowhead Catfish (Pelteobagrus fulvidraco)","Catfish"
"225","Clam (no species specified)","Clam/Cockle"
"225","Oyster (no species specified)","Oyster"
"225","Seaweed (no species specified)","Seaweed/Algae"
"226","Shrimp (no species specified)","Shrimp/Prawn"
"227","Blue Tilapia (Oreochromis aureus)","Tilapia"
"227","Channel Catfish (Ictalurus punctatus)","Catfish"
"227","Nile Tilapia (Oreochromis niloticus)","Tilapia"
"227","Swai (Pangasius swai)","Catfish"
"227","Whiteleg Shrimp (Litopenaeus vannamei)","Shrimp/Prawn"
"228","Abalone (no species specified)","Whelk/Abalone/Other Gastropods"
"228","Clam (no species specified)","Clam/Cockle"
"228","Oyster (no species specified)","Oyster"
"229","Whiteleg Shrimp (Litopenaeus vannamei)","Shrimp/Prawn"
"23","Arctic Char (Salvelinus alpinus)","Other or Not Otherwise Grouped Aquatic Foods"
"23","Mussel (no species specified)","Mussel"
"23","Oyster (no species specified)","Oyster"
"23","Salmon (no species specified)","Salmon"
"23","Shrimp (no species specified)","Shrimp/Prawn"
"23","Tilapia (no species specified)","Tilapia"
"23","Trout (no species specified)","Trout"
"230","Common Carp (Cyprinus carpio)","Cyprinids (Carp/Minnows)"
"230","Grass Carp (Ctenopharyngodon idella)","Cyprinids (Carp/Minnows)"
"230","Silver Carp (Hypophthalmichthys molitrix)","Cyprinids (Carp/Minnows)"
"232","Gilthead Sea Bream (Sparus aurata)","Seabass/Sea Bream"
"233","Freshwater Clam (Corbicula fluminea)","Clam/Cockle"
"233","Hard Clam (Meretrix lusoria)","Clam/Cockle"
"233","Japanese Sea Bass (Lateolabrax japonicus)","Seabass/Sea Bream"
"233","Sea Mullet (Mugil cephalus)","Mullet"
"233","Tilapia (Oreochromis mossambicus)","Tilapia"
"234","Mediterranean Mussel (Mytilus galloprovincialis)","Mussel"
"235","Common Carp (Cyprinus carpio)","Cyprinids (Carp/Minnows)"
"235","Grass Carp (Ctenopharyngodon idella)","Cyprinids (Carp/Minnows)"
"235","Largemouth Bass (Micropterus salmoides)","Other or Not Otherwise Grouped Aquatic Foods"
"236","Molly (Poecillia sphenops)","Other or Not Otherwise Grouped Aquatic Foods"
"237","African Catfish (Clarias gariepinus)","Catfish"
"237","Nile Tilapia (Oreochromis niloticus)","Tilapia"
"238","Atlantic Cod (Gadus morhua)","Cod"
"238","Atlantic Salmon (Salmo salar)","Salmon"
"238","Atlantic Sea Scallop (Placopecten magellanicus)","Scallop"
"238","Blue Mussel (Mytilus edulis)","Mussel"
"238","Brown Algae (Saccharina japonica)","Seaweed/Algae"
"238","Char (no species specified)","Other or Not Otherwise Grouped Aquatic Foods"
"238","Common Cockle (Cerastoderma edule)","Clam/Cockle"
"238","European Flat Oyster (Ostrea edulis)","Oyster"
"238","Great Scallop (Pecten maximus)","Scallop"
"238","Kelp (Laminaria angustata)","Seaweed/Algae"
"238","Laver Algae (no species specified)","Seaweed/Algae"
"238","Lumpfish (Cyclopterus lumpus)","Other or Not Otherwise Grouped Aquatic Foods"
"238","Manila Clam (Ruditapes philippinarum)","Clam/Cockle"
"238","Mussel (Mytilus chilensis)","Mussel"
"238","New Zealand Greenshell Mussel (Perna canaliculus)","Mussel"
"238","Norway Lobster (Nephrops norvegicus)","Lobster/Crayfish"
"238","Pacific Oyster (Crassostrea gigas)","Oyster"
"238","Red Swamp Crayfish (Procambarus clarkii)","Lobster/Crayfish"
"238","Solenidae (no species specified)","Clam/Cockle"
"238","Wakame (Undaria pinnatifida)","Seaweed/Algae"
"238","White Hard Clam (Meretrix lyrata)","Clam/Cockle"
"238","Whiteleg Shrimp (Litopenaeus vannamei)","Shrimp/Prawn"
"238","Yesso Scallop (Patinopecten yessoensis)","Scallop"
"238","Zander (Sander lucioperca)","Perch/Sunfish"
"239","Walking Catfish (Clarias batrachus)","Catfish"
"24","Sea Snails (no species specified)","Whelk/Abalone/Other Gastropods"
"240","Golden Pompano (Trachinotus ovatus)","Pomfret"
"242","Graceful Redweed (Gracilaria gracilis)","Seaweed/Algae"
"242","Red Algae (no species specified)","Seaweed/Algae"
"242","Sea Lettuce (no species specified)","Seaweed/Algae"
"243","Abalone (no species specified)","Whelk/Abalone/Other Gastropods"
"243","Asiatic Hard Clam (Meretrix meretrix)","Clam/Cockle"
"243","Bighead Carp (Hypophthalmichthys nobilis)","Cyprinids (Carp/Minnows)"
"243","Blunt Snout Bream (Megalobrama amblycephala)","Seabass/Sea Bream"
"243","Goldfish (Carassius auratus)","Cyprinids (Carp/Minnows)"
"243","Grass Carp (Ctenopharyngodon idella)","Cyprinids (Carp/Minnows)"
"243","Japanese Sea Bass (Lateolabrax japonicus)","Seabass/Sea Bream"
"243","Manila Clam (Ruditapes philippinarum)","Clam/Cockle"
"243","Northern Snakehead (Channa argus)","Snakehead"
"243","Pacific Oyster (Crassostrea gigas)","Oyster"
"243","Pond Loach (Misgurnus anguillicaudatus)","Other or Not Otherwise Grouped Aquatic Foods"
"243","Red Swamp Crayfish (Procambarus clarkii)","Lobster/Crayfish"
"243","Rice Field Eel (Monopterus albus)","Eel"
"243","Sea Bream (no species specified)","Seabass/Sea Bream"
"243","Shrimp (Parapenaeopsis spp.)","Shrimp/Prawn"
"243","Silver Carp (Hypophthalmichthys molitrix)","Cyprinids (Carp/Minnows)"
"243","Yellowhead Catfish (Pelteobagrus fulvidraco)","Catfish"
"244","Guri Sea Catfish (Genidens genidens)","Catfish"
"244","King Weakfish (Macrodon ancylodon)","Croaker/Drum"
"244","White Sea Catfish (Genidens barbus)","Cyprinids (Carp/Minnows)"
"245","Common Carp (Cyprinus carpio)","Cyprinids (Carp/Minnows)"
"246","Rainbow Trout (Oncorhynchus mykiss)","Salmon"
"247","Oyster (Crassostrea rhizophorae)","Oyster"
"248","European Sea Bass (Dicentrarchus labrax)","Seabass/Sea Bream"
"248","Gilthead Sea Bream (Sparus aurata)","Seabass/Sea Bream"
"25","Meagre (Argyrosomus regius)","Croaker/Drum"
"250","Clam (no species specified)","Clam/Cockle"
"251","Whiteleg Shrimp (Litopenaeus vannamei)","Shrimp/Prawn"
"252","Long-whiskered Catfish (Sperata aor)","Catfish"
"252","Orange Mud Crab (Scylla olivacea)","Crab"
"253","Chinese Mitten Crab (Eriocheir sinensis)","Crab"
"254","Barramundi (Lates calcarifer)","Seabass/Sea Bream"
"254","Japanese Threadfin Bream (Nemipterus japonicus)","Seabass/Sea Bream"
"254","Walking Catfish (Clarias batrachus)","Catfish"
"255","Catfish (no species specified)","Catfish"
"255","Clam (no species specified)","Clam/Cockle"
"255","Mussel (no species specified)","Mussel"
"255","Salmon (no species specified)","Salmon"
"255","Scallops (no species specified)","Scallop"
"255","Sea Bass (no species specified)","Seabass/Sea Bream"
"255","Shrimp (no species specified)","Shrimp/Prawn"
"255","Striped Catfish (Pangasisanodon hypophthalmus)","Catfish"
"255","Tilapia (no species specified)","Tilapia"
"255","Trout (no species specified)","Trout"
"256","Rainbow Trout (Oncorhynchus mykiss)","Salmon"
"256","Tilapia (no species specified)","Tilapia"
"257","Whiteleg Shrimp (Litopenaeus vannamei)","Shrimp/Prawn"
"258","European Sea Bass (Dicentrarchus labrax)","Seabass/Sea Bream"
"258","Gilthead Sea Bream (Sparus aurata)","Seabass/Sea Bream"
"258","Mediterranean Mussel (Mytilus galloprovincialis)","Mussel"
"259","Barramundi (Lates calcarifer)","Seabass/Sea Bream"
"259","Doublewhip Threadfin Bream (Nemipterus nematophorus)","Seabass/Sea Bream"
"259","Fivelined Threadfin Bream (Nemipterus tambuloides)","Seabass/Sea Bream"
"259","Fork-tailed Threadfin Bream (Nemipterus furcosus)","Seabass/Sea Bream"
"259","Greasyback Shrimp (Metapenaeus ensis)","Shrimp/Prawn"
"259","Greater Amberjack (Seriola dumerili)","Jack/Scad"
"259","Japanese Threadfin Bream (Nemipterus japonicus)","Seabass/Sea Bream"
"259","Malabar Blood Snapper (Lutjanus malabaricus)","Snapper"
"259","Red Filament Threadfin Bream (Nemipterus marginatus)","Seabass/Sea Bream"
"259","Redspine Threadfin Bream (Nemipterus nemurus)","Seabass/Sea Bream"
"259","Tosa Threadfin Bream (Nemipterus thosaporni)","Seabass/Sea Bream"
"259","Waigieu Barramundi (Psammoperca waigiensis)","Seabass/Sea Bream"
"259","Walking Catfish (Clarias batrachus)","Catfish"
"259","Yellowbelly Threadfin Bream (Nemipterus bathybius)","Seabass/Sea Bream"
"26","Gilthead Sea Bream (Sparus aurata)","Seabass/Sea Bream"
"260","Nile Tilapia (Oreochromis niloticus)","Tilapia"
"261","Barramundi (Lates calcarifer)","Seabass/Sea Bream"
"261","Blood Cockle (Anadara granosa)","Clam/Cockle"
"261","John's Snapper (Lutjanus johnii)","Snapper"
"261","Snubnose Pompano (Trachinotus blochii)","Pomfret"
"261","Walking Catfish (Clarias batrachus)","Catfish"
"261","Whiteleg Shrimp (Litopenaeus vannamei)","Shrimp/Prawn"
"262","Rohu (Labeo rohita)","Cyprinids (Carp/Minnows)"
"264","Tilapia (no species specified)","Tilapia"
"265","Chinese Mitten Crab (Eriocheir sinensis)","Crab"
"265","Crayfish (no species specified)","Lobster/Crayfish"
"265","Grass Carp (Ctenopharyngodon idella)","Cyprinids (Carp/Minnows)"
"266","Mediterranean Mussel (Mytilus galloprovincialis)","Mussel"
"267","Blue Swimming Crab (Portunus pelagicus)","Crab"
"267","Nile Tilapia (Oreochromis niloticus)","Tilapia"
"267","Sea Mullet (Mugil cephalus)","Mullet"
"268","Black Sea Cucumber (Holothuria poli)","Sea cucumber/Urchin"
"268","White Spot Cucumber (Holothuria poli)","Sea cucumber/Urchin"
"269","Common Kelp (Ecklonia radiata)","Seaweed/Algae"
"27","Manila Clam (Ruditapes philippinarum)","Clam/Cockle"
"270","Rainbow Trout (Oncorhynchus mykiss)","Salmon"
"271","European Sea Bass (Dicentrarchus labrax)","Seabass/Sea Bream"
"271","Pangasius Catfish (Pangasius hypophthalmus)","Catfish"
"271","Whiteleg Shrimp (Litopenaeus vannamei)","Shrimp/Prawn"
"272","Green Mud Crab (Scylla paramamosain)","Crab"
"272","Tilapia (Oreochromis mossambicus)","Tilapia"
"272","Whiteleg Shrimp (Litopenaeus vannamei)","Shrimp/Prawn"
"273","Seaweed (no species specified)","Seaweed/Algae"
"274","Lobster (no species specified)","Lobster/Crayfish"
"275","Atlantic Salmon (Salmo salar)","Salmon"
"275","European Sea Bass (Dicentrarchus labrax)","Seabass/Sea Bream"
"275","Gilthead Sea Bream (Sparus aurata)","Seabass/Sea Bream"
"275","Mediterranean Mussel (Mytilus galloprovincialis)","Mussel"
"275","Oyster (no species specified)","Oyster"
"275","Veined Rapa Whelks (Rapana venosа)","Whelk/Abalone/Other Gastropods"
"275","Whiteleg Shrimp (Litopenaeus vannamei)","Shrimp/Prawn"
"277","Arctic Char (Salvelinus alpinus)","Other or Not Otherwise Grouped Aquatic Foods"
"277","Atlantic Salmon (Salmo salar)","Salmon"
"278","Puffer Fish (no species specified)","Other or Not Otherwise Grouped Aquatic Foods"
"279","Asian Green Mussel (Perna viridis)","Mussel"
"279","Blood Cockle (Tegillarca granosa)","Clam/Cockle"
"28","European Sea Bass (Dicentrarchus labrax)","Seabass/Sea Bream"
"28","Great Scallop (Pecten maximus)","Scallop"
"28","Patagonian Scallop (Zygochlamys patagonica)","Scallop"
"280","Annular Seabream (Diplodus annularis)","Seabass/Sea Bream"
"280","Atlantic Salmon (Salmo salar)","Salmon"
"280","European Flat Oyster (Ostrea edulis)","Oyster"
"280","European Sea Bass (Dicentrarchus labrax)","Seabass/Sea Bream"
"280","Gilthead Sea Bream (Sparus aurata)","Seabass/Sea Bream"
"280","Mediterranean Mussel (Mytilus galloprovincialis)","Mussel"
"280","Rainbow Trout (Oncorhynchus mykiss)","Salmon"
"280","Red Mullet (Mullus barbatus)","Mullet"
"280","Saddled Seabream (Oblada melanura)","Seabass/Sea Bream"
"280","Striped Catfish (Pangasisanodon hypophthalmus)","Catfish"
"281","Backwater Clam (Meretrix casta)","Clam/Cockle"
"281","Japanese Threadfin Bream (Nemipterus japonicus)","Seabass/Sea Bream"
"281","Sea Mullet (Mugil cephalus)","Mullet"
"282","Charru Mussel (Mytella charruana)","Mussel"
"282","Manabi Oyster (Crassostrea cf. corteziensis)","Oyster"
"282","Rock Oyster (Striostrea prismatica)","Oyster"
"283","Atlantic Salmon (Salmo salar)","Salmon"
"283","Clam (Scrobicularia plana)","Clam/Cockle"
"283","Mussel (no species specified)","Mussel"
"283","Thicklip Grey Mullet (Chelon labrosus)","Mullet"
"284","Asian Green Mussel (Perna viridis)","Mussel"
"285","Bengal Yellowfin Seabream (Acanthopagrus datnia)","Seabass/Sea Bream"
"286","Sea Bass (no species specified)","Seabass/Sea Bream"
"287","Blue Swimmer Crab (Portunus armatus)","Crab"
"288","Milkfish (Chanos chanos)","Other or Not Otherwise Grouped Aquatic Foods"
"289","Pacific Oyster (Crassostrea gigas)","Oyster"
"29","Babylon Shell (no species specified)","Whelk/Abalone/Other Gastropods"
"29","Bighead Carp (Hypophthalmichthys nobilis)","Cyprinids (Carp/Minnows)"
"29","Carassius (no species specified)","Cyprinids (Carp/Minnows)"
"29","Clam (no species specified)","Clam/Cockle"
"29","Coral Clam (no species specified)","Clam/Cockle"
"29","Geoduck (Panopea generosa)","Clam/Cockle"
"29","Grass Carp (Ctenopharyngodon idella)","Cyprinids (Carp/Minnows)"
"29","Grey Mullet (no species specified)","Mullet"
"29","Lobster (no species specified)","Lobster/Crayfish"
"29","Mandarin fish (Siniperca chuatsi)","Perch/Sunfish"
"29","Mud Carp (Cirrhinus molitorella)","Cyprinids (Carp/Minnows)"
"29","Mussel (no species specified)","Mussel"
"29","Oyster (no species specified)","Oyster"
"29","Razor Clam (no species specified)","Clam/Cockle"
"29","Salmon (no species specified)","Salmon"
"29","Scallop (no species specified)","Scallop"
"29","Sea Bass (no species specified)","Seabass/Sea Bream"
"29","Sea Bream (no species specified)","Seabass/Sea Bream"
"29","Sea Cucumber (no species specified)","Sea cucumber/Urchin"
"29","Spotted Babylon (Babylonia areolata)","Whelk/Abalone/Other Gastropods"
"29","Turbot (Scophthalmus maximus)","Whelk/Abalone/Other Gastropods"
"290","Gilthead Sea Bream (Sparus aurata)","Seabass/Sea Bream"
"290","Mediterranean Mussel (Mytilus galloprovincialis)","Mussel"
"291","Bighead Carp (Aristichthys nobilis)","Cyprinids (Carp/Minnows)"
"291","Catfish (no species specified)","Catfish"
"291","Goldfish (Carassius auratus)","Cyprinids (Carp/Minnows)"
"291","Grass Carp (Ctenopharyngodon idella)","Cyprinids (Carp/Minnows)"
"291","Northern Snakehead (Channa argus)","Snakehead"
"291","Perch (Lateolabrax japonicas)","Perch/Sunfish"
"291","White Amur Bream (Parabramis pekinensis)","Seabass/Sea Bream"
"291","Yellowhead Catfish (Pelteobagrus fulvidraco)","Catfish"
"292","Asian Green Mussel (Perna viridis)","Mussel"
"292","Cockle (no species specified)","Clam/Cockle"
"292","Spotted Babylon (no species specified)","Whelk/Abalone/Other Gastropods"
"293","Mediterranean Mussel (Mytilus galloprovincialis)","Mussel"
"294","European Sea Bass (Dicentrarchus labrax)","Seabass/Sea Bream"
"295","Lobster (Panulirus homarus)","Lobster/Crayfish"
"296","Sea Bass (no species specified)","Seabass/Sea Bream"
"297","Atlantic Cod (Gadus morhua)","Cod"
"297","Axillary Seabream (Pagellus acarne)","Seabass/Sea Bream"
"297","Basa (Pangasius bocourti)","Catfish"
"297","Blackspot Seabream (Pagellus bogaraveo)","Seabass/Sea Bream"
"297","Carp (Cyprinidae spp.)","Cyprinids (Carp/Minnows)"
"297","Flounder (Platichthys flesus)","Flatfish"
"297","Mekong Giant Catfish (Pangasianodon gigas)","Catfish"
"297","Red Mullet (Mullus barbatus)","Mullet"
"297","Sturgeon (Acipenser species)","Other or Not Otherwise Grouped Aquatic Foods"
"3","Catfish (no species specified)","Catfish"
"30","Asian Green Mussel (Perna viridis)","Mussel"
"30","Asiatic Hard Clam (Meretrix meretrix)","Clam/Cockle"
"30","Black Clam (Villorita cyprinoides)","Clam/Cockle"
"30","Blue Swimming Crab (Portunus pelagicus)","Crab"
"30","Common Geloina (Polymesoda erosa)","Clam/Cockle"
"30","Gryphaea Oyster (Crassostrea gryphoides)","Oyster"
"30","Hooded Oyster (Saccostrea cucullata)","Oyster"
"30","Speckled Shrimp (Metapenaeus monoceros)","Shrimp/Prawn"
"300","Nile Tilapia (Oreochromis niloticus)","Tilapia"
"301","Crab (no species specified)","Crab"
"302","Clams (no species specified)","Other or Not Otherwise Grouped Aquatic Foods"
"302","Mussel (no species specified)","Mussel"
"302","Oyster (no species specified)","Oyster"
"303","Atlantic Bay Scallop (Argopecten irradians)","Scallop"
"303","Blood Cockle (Tegillarca granosa)","Clam/Cockle"
"303","Broughton's Blood Cockle (Anadara broughtonii)","Clam/Cockle"
"303","Charm Abalone (Haliotis discus hannai)","Whelk/Abalone/Other Gastropods"
"303","Fan Shell (Atrina pectinata)","Other or Not Otherwise Grouped Aquatic Foods"
"303","Flatfish (Paralichthys olivaceus)","Flatfish"
"303","Gazami Crab (Portunus trituberculatus)","Crab"
"303","Hard Clam (Mercenaria mercenaria)","Clam/Cockle"
"303","Japanese Egg Cockle (Fulvia mutica)","Clam/Cockle"
"303","Japanese Scallop (Mizuhopecten yessoensis)","Scallop"
"303","Manila Clam (Ruditapes philippinarum)","Clam/Cockle"
"303","Mediterranean Mussel (Mytilus galloprovincialis)","Mussel"
"303","Pacific Oyster (Crassostrea gigas)","Oyster"
"303","Sea Cucumbers (Apostichopus japonicus)","Sea cucumber/Urchin"
"303","Sea Mussel (Mytilus coruscus)","Mussel"
"303","Sea Urchins (Heliocidaris crassispina)","Sea cucumber/Urchin"
"303","Soft-Shell Clam (Mya arenaria)","Clam/Cockle"
"303","Sunray Surfclam (Mactra chinensis)","Clam/Cockle"
"303","Sunset Clam (Megangulus venulosus)","Clam/Cockle"
"303","Surf Clam (Mactra quadrangularis)","Clam/Cockle"
"303","Surf Clam (Spisula sachalinensis)","Clam/Cockle"
"303","Veined Rapa Whelk (Rapana venosa)","Whelk/Abalone/Other Gastropods"
"304","Bighead Carp (Hypophthalmichthys nobilis)","Cyprinids (Carp/Minnows)"
"304","Black Carp (Mylopharyngodon piceus)","Cyprinids (Carp/Minnows)"
"304","Chinese Mitten Crab (Eriocheir sinensis)","Crab"
"304","Chinese Softshell Turtle (Pelodiscus sinensis)","Other or Not Otherwise Grouped Aquatic Foods"
"304","Common Carp (Cyprinus carpio)","Cyprinids (Carp/Minnows)"
"304","Goldfish (Carassius auratus)","Cyprinids (Carp/Minnows)"
"304","Grass Carp (Ctenopharyngodon idella)","Cyprinids (Carp/Minnows)"
"304","Largemouth Bass (Micropterus salmoides)","Other or Not Otherwise Grouped Aquatic Foods"
"304","Silver Carp (Hypophthalmichthys molitrix)","Cyprinids (Carp/Minnows)"
"304","White Amur Bream (Parabramis pekinensis)","Seabass/Sea Bream"
"304","Yellowhead Catfish (Pelteobagrus fulvidraco)","Catfish"
"305","Japanese Eel (Anguilla japonica)","Eel"
"305","Salmon (no species specified)","Salmon"
"306","Blue Crab (Callinectes sapidus)","Crab"
"307","Nile Tilapia (Oreochromis niloticus)","Tilapia"
"308","European Sea Bass (Dicentrarchus labrax)","Seabass/Sea Bream"
"31","Chinese Razor Clam (Sinonovacula constricta)","Clam/Cockle"
"31","Oyster (Ostrea denselamellosa)","Oyster"
"310","Bighead Carp (Hypophthalmichthys nobilis)","Cyprinids (Carp/Minnows)"
"310","Goldfish (Carassius auratus)","Cyprinids (Carp/Minnows)"
"310","Grass Carp (Ctenopharyngodon idella)","Cyprinids (Carp/Minnows)"
"310","Japanese Sea Bass (Lateolabrax japonicus)","Seabass/Sea Bream"
"310","Mud Carp (Cirrhinus molitorella)","Cyprinids (Carp/Minnows)"
"310","Northern Snakehead (Channa argus)","Snakehead"
"311","Backwater Clam (Meretrix casta)","Clam/Cockle"
"311","Japanese Threadfin Bream (Nemipterus japonicus)","Seabass/Sea Bream"
"311","Mud Crab (Scylla serrata)","Crab"
"311","Sea Mullet (Mugil cephalus)","Mullet"
"312","Slovenian Mussel (no species specified)","Mussel"
"313","Salmon (no species specified)","Salmon"
"314","Atlantic Salmon (Salmo salar)","Salmon"
"314","Catfish (no species specified)","Catfish"
"314","Clam (no species specified)","Clam/Cockle"
"314","Mussel (no species specified)","Mussel"
"314","Pacific Salmon (no species specified)","Salmon"
"314","Pink Salmon (Oncorhynchus gorbuscha)","Salmon"
"314","Scallops (no species specified)","Scallop"
"314","Sea Bass (no species specified)","Seabass/Sea Bream"
"314","Striped Catfish (Pangasisanodon hypophthalmus)","Catfish"
"314","Tilapia (no species specified)","Tilapia"
"314","Trout (no species specified)","Trout"
"317","Black Carp (no species specified)","Cyprinids (Carp/Minnows)"
"318","Carp (no species specified)","Cyprinids (Carp/Minnows)"
"318","Crucian Carp (Carassius carassius)","Cyprinids (Carp/Minnows)"
"318","Gazami Crab (Portunus trituberculatus)","Crab"
"318","Mitten Crab (no species specified)","Crab"
"318","Sea Cucumber (no species specified)","Sea cucumber/Urchin"
"318","Whiteleg Shrimp (Litopenaeus vannamei)","Shrimp/Prawn"
"319","Rainbow Trout (Oncorhynchus mykiss)","Salmon"
"32","Manila Clam (Ruditapes philippinarum)","Clam/Cockle"
"32","Pacific Oyster (Crassostrea gigas)","Oyster"
"320","Barramundi (Lates calcarifer)","Seabass/Sea Bream"
"320","Milkfish (Chanos chanos)","Other or Not Otherwise Grouped Aquatic Foods"
"320","Pearl Spot (Etroplus suratensis)","Other or Not Otherwise Grouped Aquatic Foods"
"320","Sea Mullet (Mugil cephalus)","Mullet"
"321","Clam (no species specified)","Clam/Cockle"
"321","Oyster (no species specified)","Oyster"
"321","Seaweed (no species specified)","Seaweed/Algae"
"322","Mediterranean Clam (no species specified)","Clam/Cockle"
"322","Sea Bass (no species specified)","Seabass/Sea Bream"
"322","Sea Bream (no species specified)","Seabass/Sea Bream"
"323","Salmon (no species specified)","Salmon"
"323","Shrimp (no species specified)","Shrimp/Prawn"
"323","Tilapia (no species specified)","Tilapia"
"324","Blue Mussel (Mytilus edulis)","Mussel"
"324","Oyster (no species specified)","Oyster"
"324","Scallop (Pecten jacobaeus)","Scallop"
"324","Whiteleg Shrimp (Litopenaeus vannamei)","Shrimp/Prawn"
"325","Asiatic Hard Clam (Meretrix meretrix)","Clam/Cockle"
"325","Blue Swimming Crab (Portunus pelagicus)","Crab"
"328","Atlantic Salmon (Salmo salar)","Salmon"
"328","Barbel Chub (Spinibarbus sinensis)","Cyprinids (Carp/Minnows)"
"328","Black Carp (Mylopharyngodon piceus)","Cyprinids (Carp/Minnows)"
"328","Common Carp (Cyprinus carpio)","Cyprinids (Carp/Minnows)"
"328","Crucian Carp (Carassius carassius)","Cyprinids (Carp/Minnows)"
"328","Flatfish (Paralichthys olivaceus)","Flatfish"
"328","Grass Carp (Ctenopharyngodon idella)","Cyprinids (Carp/Minnows)"
"328","Japanese Sea Bass (Lateolabrax japonicus)","Seabass/Sea Bream"
"328","Loach (Misgurnus anguillicaudatus)","Other or Not Otherwise Grouped Aquatic Foods"
"328","Mandarin fish (Siniperca chuatsi)","Perch/Sunfish"
"328","Nile Tilapia (Oreochromis niloticus)","Tilapia"
"328","Rice Field Eel (Monopterus albus)","Eel"
"328","Tilapia (Oreochromis mossambicus)","Tilapia"
"328","Turbot (Scophthalmus maximus)","Whelk/Abalone/Other Gastropods"
"329","European Sea Bass (Dicentrarchus labrax)","Seabass/Sea Bream"
"329","Hooded Oyster (Saccostrea cucullata)","Oyster"
"329","Red Drum (Sciaenops ocellatus)","Croaker/Drum"
"329","Sea Urchins (Tripneustes gratilla)","Sea cucumber/Urchin"
"33","Black Mussel (Choromytilus meridionalis)","Mussel"
"33","Mediterranean Mussel (Mytilus galloprovincialis)","Mussel"
"330","Asian Green Mussel (Perna viridis)","Mussel"
"330","Barramundi (Lates calcarifer)","Seabass/Sea Bream"
"330","Blood Cockle (Anadara granosa)","Clam/Cockle"
"330","Pacific Oyster (Crassostrea gigas)","Oyster"
"330","Whiteleg Shrimp (Litopenaeus vannamei)","Shrimp/Prawn"
"331","Ark Shell (Scapharca subcrenata)","Clam/Cockle"
"331","Gazami Crab (Portunus trituberculatus)","Crab"
"331","Japanese Sea Bass (Lateolabrax japonicus)","Seabass/Sea Bream"
"331","Pacific Oyster (Crassostrea gigas)","Oyster"
"331","Surf Clam (Mactra veneriformis)","Clam/Cockle"
"331","Whiteleg Shrimp (Litopenaeus vannamei)","Shrimp/Prawn"
"332","Oyster (no species specified)","Oyster"
"333","Asian Green Mussel (Perna viridis)","Mussel"
"333","Asiatic Hard Clam (Meretrix meretrix)","Clam/Cockle"
"333","Blue Swimming Crab (Portunus pelagicus)","Crab"
"333","Greasyback Shrimp (Metapenaeus ensis)","Shrimp/Prawn"
"333","Great Blue-spotted Mudskipper (Boleophthalmus pectinirostris)","Other or Not Otherwise Grouped Aquatic Foods"
"333","Half-Crenate Ark (Anadara subcrenata)","Clam/Cockle"
"333","Mud Crab (Scylla serrata)","Crab"
"334","Tilapia (no species specified)","Tilapia"
"335","Black Seabream (Spondyliosoma cantharus)","Seabass/Sea Bream"
"335","European Sea Bass (Dicentrarchus labrax)","Seabass/Sea Bream"
"335","Great Scallop (Pecten maximus)","Scallop"
"335","Meagre (Argyrosomus regius)","Croaker/Drum"
"335","Pacific Oyster (Crassostrea gigas)","Oyster"
"336","Flatfish (Paralichthys olivaceus)","Flatfish"
"336","Japanese Sea Bass (Lateolabrax japonicus)","Seabass/Sea Bream"
"336","Red Sea Bream (Pagrus major)","Seabass/Sea Bream"
"336","Sea Mullet (Mugil cephalus)","Mullet"
"336","Whiteleg Shrimp (Litopenaeus vannamei)","Shrimp/Prawn"
"337","Blood Cockle (Tegillarca granosa)","Clam/Cockle"
"337","Fan Shell (no species specified)","Other or Not Otherwise Grouped Aquatic Foods"
"337","Kelp (no species specified)","Seaweed/Algae"
"337","Laver (Porphyra species not specified)","Seaweed/Algae"
"337","Oyster (no species specified)","Oyster"
"337","Razor Clam (no species specified)","Clam/Cockle"
"337","Scallops (no species specified)","Scallop"
"337","Sea Lettuce (Ulva lactuca)","Seaweed/Algae"
"337","White Clam (no species specified)","Clam/Cockle"
"337","Yellowfin Seabream (Acanthopagrus latus)","Seabass/Sea Bream"
"338","Atlantic Cod (Gadus morhua)","Cod"
"338","Common Pandora (Pagellus belloti)","Seabass/Sea Bream"
"34","Bighead Carp (Hypophthalmichthys nobilis)","Cyprinids (Carp/Minnows)"
"34","Chinese Mitten Crab (Eriocheir sinensis)","Crab"
"34","Chinese Sturgeon (Acipenser sinensis)","Other or Not Otherwise Grouped Aquatic Foods"
"34","Goldfish (Carassius auratus)","Cyprinids (Carp/Minnows)"
"34","Grass Carp (Ctenopharyngodon idella)","Cyprinids (Carp/Minnows)"
"34","Loach (Misgurnus anguillicaudatus)","Other or Not Otherwise Grouped Aquatic Foods"
"34","Snakehead (no species specified)","Snakehead"
"34","Softshell Turtle (no species specified)","Other or Not Otherwise Grouped Aquatic Foods"
"34","Striped Bass (Morone saxatilis)","Other or Not Otherwise Grouped Aquatic Foods"
"34","Triangle Sail Mussel (Hyriopsis cumingii)","Mussel"
"34","Western Rock Lobster (Panulirus cygnus)","Lobster/Crayfish"
"341","Rohu (Labeo rohita)","Cyprinids (Carp/Minnows)"
"341","Striped Catfish (Pangasisanodon hypophthalmus)","Catfish"
"342","European Sea Bass (Dicentrarchus labrax)","Seabass/Sea Bream"
"342","Gilthead Sea Bream (Sparus aurata)","Seabass/Sea Bream"
"343","Mussel (no species specified)","Mussel"
"344","Blue Swimming Crab (Portunus pelagicus)","Crab"
"345","Chinese Mitten Crab (Eriocheir sinensis)","Crab"
"345","Common Carp (Cyprinus carpio)","Cyprinids (Carp/Minnows)"
"345","Goldfish (Carassius auratus)","Cyprinids (Carp/Minnows)"
"345","Grass Carp (Ctenopharyngodon idella)","Cyprinids (Carp/Minnows)"
"345","Largemouth Bass (Micropterus salmoides)","Other or Not Otherwise Grouped Aquatic Foods"
"346","Blood Cockle (Tegillarca granosa)","Clam/Cockle"
"346","Budgett's Synodontis (Synodontis budgetti)","Catfish"
"346","Clam (Galatea paradoxa)","Clam/Cockle"
"347","Japanese Sea Bass (Lateolabrax japonicus)","Seabass/Sea Bream"
"347","Pacific Oyster (Crassostrea gigas)","Oyster"
"347","Sunray Surfclam (Mactra chinensis)","Clam/Cockle"
"348","Scallop (no species specified)","Scallop"
"348","Turbot (Scophthalmus maximus)","Whelk/Abalone/Other Gastropods"
"349","Mediterranean Mussel (Mytilus galloprovincialis)","Mussel"
"35","Cortez Oyster (Crassostrea corteziensis)","Oyster"
"350","Gazami Crab (Portunus trituberculatus)","Crab"
"350","Green Mud Crab (Scylla paramamosain)","Crab"
"351","European Sea Bass (Dicentrarchus labrax)","Seabass/Sea Bream"
"351","Gilthead Sea Bream (Sparus aurata)","Seabass/Sea Bream"
"351","Greater Amberjack (Seriola dumerili)","Jack/Scad"
"351","Nile Tilapia (Oreochromis niloticus)","Tilapia"
"352","Shrimp (no species specified)","Shrimp/Prawn"
"353","Oyster (no species specified)","Oyster"
"354","Pacific Oyster (Crassostrea gigas)","Oyster"
"355","Red Sea Bream (Pagrus major)","Seabass/Sea Bream"
"355","Whiteleg Shrimp (Litopenaeus vannamei)","Shrimp/Prawn"
"356","Crimson Snapper (Lutjanus erythropterus)","Snapper"
"356","Spotted Steed (Hemibarbus maculatus)","Cyprinids (Carp/Minnows)"
"357","Atlantic Salmon (Salmo salar)","Salmon"
"357","Common Carp (Cyprinus carpio)","Cyprinids (Carp/Minnows)"
"357","Gilthead Sea Bream (Sparus aurata)","Seabass/Sea Bream"
"357","Largemouth Bass (Micropterus salmoides)","Other or Not Otherwise Grouped Aquatic Foods"
"357","Mediterranean Mussel (Mytilus galloprovincialis)","Mussel"
"357","Pangasius Catfish (Pangasius hypophthalmus)","Catfish"
"357","Prussian Carp (Carassius gibelio)","Cyprinids (Carp/Minnows)"
"357","Rainbow Trout (Oncorhynchus mykiss)","Salmon"
"357","Veined Rapa Whelk (Rapana venosa)","Whelk/Abalone/Other Gastropods"
"357","Vimba Bream (Vimba vimba)","Seabass/Sea Bream"
"357","Wels Catfish (Silurus glanis)","Catfish"
"357","White Hard Clam (Meretrix lyrata)","Clam/Cockle"
"357","Whiteleg Shrimp (Litopenaeus vannamei)","Shrimp/Prawn"
"357","Zander (Sander lucioperca)","Perch/Sunfish"
"359","Blood Cockle (Tegillarca granosa)","Clam/Cockle"
"359","Short-necked Clam (Paratapes undulatus)","Clam/Cockle"
"36","Clam (no species specified)","Clam/Cockle"
"36","Mussel (no species specified)","Mussel"
"36","Razor Clam (no species specified)","Clam/Cockle"
"361","Japanese Threadfin Bream (Nemipterus japonicus)","Seabass/Sea Bream"
"361","Striped Eel Catfish (Plotosus lineatus)","Catfish"
"361","Threadfin Bream (Nemipterus hexodon)","Seabass/Sea Bream"
"363","Asian Green Mussel (Perna viridis)","Mussel"
"363","Farrer's Scallop (Azumapecten farreri)","Scallop"
"363","Longarm Mullet (Osteomugil cunnesius)","Mullet"
"363","Manila Clam (Ruditapes philippinarum)","Clam/Cockle"
"363","Pacific Oyster (Crassostrea gigas)","Oyster"
"364","Asian Green Mussel (Perna viridis)","Mussel"
"364","Asiatic Hard Clam (Meretrix meretrix)","Clam/Cockle"
"364","Clam (Paphia undulata)","Clam/Cockle"
"364","Manila Clam (Ruditapes philippinarum)","Clam/Cockle"
"364","Oyster (Crassostrea hongkongensis)","Oyster"
"364","Scallop (Chlamys nobilis)","Scallop"
"365","European Sea Bass (Dicentrarchus labrax)","Seabass/Sea Bream"
"365","Gilthead Sea Bream (Sparus aurata)","Seabass/Sea Bream"
"368","Ark Clam (Anadara pectinata)","Clam/Cockle"
"368","Ark Clam (no species specified)","Clam/Cockle"
"368","Asian Green Mussel (Perna viridis)","Mussel"
"368","Atlantic Pearl Oyster (Pinctada imbricata)","Oyster"
"368","Blood Cockle (Tegillarca granosa)","Clam/Cockle"
"368","Clam (no species specified)","Clam/Cockle"
"368","Hiant Venus (Marcia hiantina)","Clam/Cockle"
"368","Hong Kong Clam (Meretrix hongkongensis)","Clam/Cockle"
"368","Jinjiang Oyster (Ostrea rivularis)","Oyster"
"368","Lamellate Venus (Antigona lamellaris)","Clam/Cockle"
"368","Manila Clam (Ruditapes philippinarum)","Clam/Cockle"
"368","Scallops (Chlamys farreri)","Scallop"
"369","Whiteleg Shrimp (Litopenaeus vannamei)","Shrimp/Prawn"
"37","Red Swamp Crayfish (Procambarus clarkii)","Lobster/Crayfish"
"37","Whiteleg Shrimp (Litopenaeus vannamei)","Shrimp/Prawn"
"370","Blue Mussel (Mytilus edulis)","Mussel"
"370","Manila Clam (Ruditapes philippinarum)","Clam/Cockle"
"370","Pacific Oyster (Crassostrea gigas)","Oyster"
"370","Scallops (Chlamys farreri)","Scallop"
"371","Salmon (no species specified)","Salmon"
"372","Carp (no species specified)","Cyprinids (Carp/Minnows)"
"372","Crucian Carp (Carassius carassius)","Cyprinids (Carp/Minnows)"
"372","Roach (Rutilus rutilus)","Cyprinids (Carp/Minnows)"
"372","Silver Bream (Blicca bjoerkna)","Seabass/Sea Bream"
"372","Tench (Tinca tinca)","Other or Not Otherwise Grouped Aquatic Foods"
"372","Zander (Sander lucioperca)","Perch/Sunfish"
"373","Mediterranean Mussel (Mytilus galloprovincialis)","Mussel"
"375","Common Carp (Cyprinus carpio)","Cyprinids (Carp/Minnows)"
"375","Crucian Carp (Carassius carassius)","Cyprinids (Carp/Minnows)"
"375","Grass Carp (Ctenopharyngodon idella)","Cyprinids (Carp/Minnows)"
"375","Largemouth Bass (Micropterus salmoides)","Other or Not Otherwise Grouped Aquatic Foods"
"375","Northern Snakehead (Channa argus)","Snakehead"
"375","Tilapia (no species specified)","Tilapia"
"375","White Amur Bream (Parabramis pekinensis)","Seabass/Sea Bream"
"376","Big Brown Mactra Clam (Mactra mera)","Clam/Cockle"
"376","Black-Lip Pearl Oyster (Pinctada margaritifera)","Oyster"
"376","Formosan Wedge Clam (Cyrenodonax formosana)","Clam/Cockle"
"376","Mediterranean Mussel (Mytilus galloprovincialis)","Mussel"
"376","Noble Scallop (Mimachlamys nobilis)","Scallop"
"376","Spotted Babylon (Babylonia areolata)","Whelk/Abalone/Other Gastropods"
"376","Suminoe Oyster (Crassostrea ariakensis)","Oyster"
"376","Variously Coloured Abalone (Haliotis diversicolor)","Whelk/Abalone/Other Gastropods"
"38","Asiatic Hard Clam (Meretrix meretrix)","Clam/Cockle"
"38","Blood Cockle (Tegillarca granosa)","Clam/Cockle"
"38","Chinese Venus Clam (Cyclina sinensis)","Clam/Cockle"
"39","Asian Green Mussel (Perna viridis)","Mussel"
"39","Asiatic Hard Clam (Meretrix meretrix)","Clam/Cockle"
"39","Gryphaea Oyster (Crassostrea gryphoides)","Oyster"
"39","Hooded Oyster (Saccostrea cucullata)","Oyster"
"39","Japanese Threadfin Bream (Nemipterus japonicus)","Seabass/Sea Bream"
"4","Atlantic Salmon (Salmo salar)","Salmon"
"40","Common Bream (Abramis brama)","Pomfret"
"40","Common Carp (Cyprinus carpio)","Cyprinids (Carp/Minnows)"
"40","European Sea Bass (Dicentrarchus labrax)","Seabass/Sea Bream"
"40","Giant Pangasius (Pangasius sanitwongsei)","Catfish"
"40","Gilthead Sea Bream (Sparus aurata)","Seabass/Sea Bream"
"40","Sterlet (Acipenser ruthenus)","Other or Not Otherwise Grouped Aquatic Foods"
"41","Black Carp (Mylopharyngodon piceus)","Cyprinids (Carp/Minnows)"
"41","Chinese Mitten Crab (Eriocheir sinensis)","Crab"
"41","Freshwater Clam (Corbicula fluminea)","Clam/Cockle"
"41","Grass Carp (Ctenopharyngodon idella)","Cyprinids (Carp/Minnows)"
"41","Mussel (Anodonta arcaeformis)","Mussel"
"42","Mediterranean Mussel (Mytilus galloprovincialis)","Mussel"
"42","Mussel (no species specified)","Mussel"
"42","Pacific Oyster (Crassostrea gigas)","Oyster"
"43","Rohu (Labeo rohita)","Cyprinids (Carp/Minnows)"
"44","European Sea Bass (Dicentrarchus labrax)","Seabass/Sea Bream"
"45","Pacific Oyster (Crassostrea gigas)","Oyster"
"46","Chinese Razor Clam (Sinonovacula constricta)","Clam/Cockle"
"46","Gazami Crab (Portunus trituberculatus)","Crab"
"46","Manila Clam (Ruditapes philippinarum)","Clam/Cockle"
"46","Veined Rapa Whelk (Rapana venosa)","Whelk/Abalone/Other Gastropods"
"46","Whiteleg Shrimp (Litopenaeus vannamei)","Shrimp/Prawn"
"47","Clam (no species specified)","Clam/Cockle"
"47","Mussel (no species specified)","Mussel"
"47","Oyster (no species specified)","Oyster"
"48","Asiatic Hard Clam (Meretrix meretrix)","Clam/Cockle"
"48","Blood Cockle (Tegillarca granosa)","Clam/Cockle"
"48","Chinese Venus Clam (Cyclina sinensis)","Clam/Cockle"
"49","Antique Ark (Anadara antiquata)","Clam/Cockle"
"49","Blood Cockle (Anadara granosa)","Clam/Cockle"
"49","Greasyback Shrimp (Metapenaeus ensis)","Shrimp/Prawn"
"49","Half-Crenate Ark (Anadara subcrenata)","Clam/Cockle"
"49","Mud Clam (Geloina coaxans)","Clam/Cockle"
"49","White Hard Clam (Meretrix lyrata)","Clam/Cockle"
"49","Whiteleg Shrimp (Litopenaeus vannamei)","Shrimp/Prawn"
"5","Turbot (Psetta maxima)","Whelk/Abalone/Other Gastropods"
"50","Blackhead Seabream (Acanthopagrus schlegelii)","Seabass/Sea Bream"
"50","Blue Mussel (Mytilus edulis)","Mussel"
"50","Chinese Razor Clam (Sinonovacula constricta)","Clam/Cockle"
"50","Japanese Sea Bass (Lateolabrax japonicus)","Seabass/Sea Bream"
"50","Korean Mud Snail (Bullacta exarata)","Whelk/Abalone/Other Gastropods"
"50","Mud Crab (Scylla serrata)","Crab"
"50","Oyster (no species specified)","Oyster"
"50","Red Drum (Sciaenops ocellatus)","Croaker/Drum"
"51","Sea Cucumber (no species specified)","Sea cucumber/Urchin"
"51","Shrimp (no species specified)","Shrimp/Prawn"
"52","Mussel (no species specified)","Mussel"
"52","Pangasius (no species specified)","Catfish"
"52","Salmon (no species specified)","Salmon"
"52","Sea Bream (no species specified)","Seabass/Sea Bream"
"52","Whiteleg Shrimp (Litopenaeus vannamei)","Shrimp/Prawn"
"53","Painted Spiny Lobster (Panulirus versicolor)","Lobster/Crayfish"
"54","Blue Mussel (Mytilus edulis)","Mussel"
"54","Manila Clam (Ruditapes philippinarum)","Clam/Cockle"
"54","Rainbow Trout (Oncorhynchus mykiss)","Salmon"
"55","Atlantic Bay Scallop (Argopecten irradians)","Scallop"
"55","Blue Mussel (Mytilus edulis)","Mussel"
"55","Common Cockle (Cerastoderma edule)","Clam/Cockle"
"55","European Flat Oyster (Ostrea edulis)","Oyster"
"55","Grooved Carpet Shell (Ruditapes decussatus)","Clam/Cockle"
"55","Manila Clam (Ruditapes philippinarum)","Clam/Cockle"
"55","Mediterranean Mussel (Mytilus galloprovincialis)","Mussel"
"55","Pacific Oyster (Crassostrea gigas)","Oyster"
"55","Razor-Clam (Ensis arcuatus)","Clam/Cockle"
"55","Surf Clam (Spisula solida)","Clam/Cockle"
"56","Mussel (no species specified)","Mussel"
"56","Pangasius (no species specifed)","Catfish"
"56","Salmon (no species specified)","Salmon"
"56","Sea Bream (no species specified)","Seabass/Sea Bream"
"56","Shrimp (no species specified)","Shrimp/Prawn"
"57","Mussel (no species specified)","Mussel"
"58","Blue Mussel (Mytilus edulis)","Mussel"
"58","Cockle (no species specified)","Clam/Cockle"
"58","Pacific Oyster (Crassostrea gigas)","Oyster"
"58","Sydney Cockle (Anadara trapezia)","Clam/Cockle"
"58","Sydney Rock Oyster (Saccostrea glomerata)","Oyster"
"6","European Sea Bass (Dicentrarchus labrax)","Seabass/Sea Bream"
"60","Blacklip Oyster (Saccostrea mytiloides)","Oyster"
"60","Milky Oyster (Saccostrea mordax)","Oyster"
"61","Blue Swimming Crab (Portunus pelagicus)","Crab"
"61","Gilthead Sea Bream (Sparus aurata)","Seabass/Sea Bream"
"61","Klunzinger's Mullet (Liza klunzingeri)","Mullet"
"61","Nile Tilapia (Oreochromis niloticus)","Tilapia"
"61","Yellowfin Seabream (Acanthopagrus latus)","Seabass/Sea Bream"
"62","Golden Pompano (Trachinotus ovatus)","Pomfret"
"62","Golden Threadfin Bream (Nemipterus virgatus)","Seabass/Sea Bream"
"62","Perch (Lateolabrax japonicas)","Perch/Sunfish"
"62","Red Sea Bream (Pagrus major)","Seabass/Sea Bream"
"62","Yellowfin Seabream (Acanthopagrus latus)","Seabass/Sea Bream"
"63","Blackchin Tilapia (Sarotherodon melanotheron)","Tilapia"
"63","Brown Mussel (Perna perna)","Mussel"
"63","Brown Mussel (no species specified)","Mussel"
"63","Gray Mullet (no species specified)","Mullet"
"63","Sea Mullet (Mugil cephalus)","Mullet"
"63","Tilapia (no species specified)","Tilapia"
"64","Nile Tilapia (Oreochromis niloticus)","Tilapia"
"65","European Sea Bass (Dicentrarchus labrax)","Seabass/Sea Bream"
"65","Japanese Threadfin Bream (Nemipterus japonicus)","Seabass/Sea Bream"
"66","Cobia (Rachycentron canadum)","Other or Not Otherwise Grouped Aquatic Foods"
"67","Ark Shell (Scapharca subcrenata)","Clam/Cockle"
"67","Blue Mussel (Mytilus edulis)","Mussel"
"67","Manila Clam (Ruditapes philippinarum)","Clam/Cockle"
"67","Pacific Oyster (Crassostrea gigas)","Oyster"
"67","Scallops (Chlamys farreri)","Scallop"
"69","Black Clam (Villorita cyprinoides)","Clam/Cockle"
"69","Milkfish (Chanos chanos)","Other or Not Otherwise Grouped Aquatic Foods"
"69","Mud Crab (Scylla serrata)","Crab"
"69","Pearl Spot (Etroplus suratensis)","Other or Not Otherwise Grouped Aquatic Foods"
"69","Sea Mullet (Mugil cephalus)","Mullet"
"69","Snakehead (Channa striatus)","Snakehead"
"69","Tilapia (Tilapia mosambica)","Tilapia"
"7","European Sea Bass (Dicentrarchus labrax)","Seabass/Sea Bream"
"7","Gilthead Sea Bream (Sparus aurata)","Seabass/Sea Bream"
"7","Mediterranean Mussel (Mytilus galloprovincialis)","Mussel"
"70","Mussel (no species specified)","Mussel"
"70","Salmon (no species specified)","Salmon"
"70","Sea Bream (no species specified)","Seabass/Sea Bream"
"70","Shrimp (no species specified)","Shrimp/Prawn"
"71","Flounder (Platichthys flesus)","Flatfish"
"71","Gilthead Sea Bream (Sparus aurata)","Seabass/Sea Bream"
"71","Mediterranean Mussel (Mytilus galloprovincialis)","Mussel"
"72","Atlantic Salmon (Salmo salar)","Salmon"
"73","Clam (no species specified)","Clam/Cockle"
"73","Mud Crab (Scylla serrata)","Crab"
"73","Whiteleg Shrimp (Litopenaeus vannamei)","Shrimp/Prawn"
"74","Blackspot Seabream (Pagellus bogaraveo)","Seabass/Sea Bream"
"74","Common Two-banded Seabream (Diplodus vulgaris)","Seabass/Sea Bream"
"74","European Sea Bass (Dicentrarchus labrax)","Seabass/Sea Bream"
"74","Gilthead Sea Bream (Sparus aurata)","Seabass/Sea Bream"
"74","Red Mullet (Mullus barbatus)","Mullet"
"74","Sea Mullet (Mugil cephalus)","Mullet"
"74","Sharpsnout Seabream (Diplodus puntazzo)","Seabass/Sea Bream"
"74","Thinlip Mullet (Liza ramada)","Mullet"
"74","Turbot (Psetta maxima)","Whelk/Abalone/Other Gastropods"
"74","White Sea Bream (Diplodus sargus)","Seabass/Sea Bream"
"76","Oyster (no species specified)","Oyster"
"78","Scallop (no species specified)","Scallop"
"79","Atlantic Salmon (Salmo salar)","Salmon"
"79","Crayfish (no species specified)","Lobster/Crayfish"
"79","European Sea Bass (Dicentrarchus labrax)","Seabass/Sea Bream"
"79","Gilthead Sea Bream (Sparus aurata)","Seabass/Sea Bream"
"79","Mediterranean Mussel (Mytilus galloprovincialis)","Mussel"
"79","Pangasius Catfish (Pangasius hypophthalmus)","Catfish"
"79","Sea Trout (Salmo trutta)","Salmon"
"8","Chinook Salmon (Oncorhynchus tshawytscha)","Salmon"
"8","Chum Salmon (Oncorhynchus keta)","Salmon"
"8","Coho Salmon (Oncorhynchus kisutch)","Salmon"
"8","Pink Salmon (Oncorhynchus gorbuscha)","Salmon"
"8","Sockeye Salmon (Oncorhynchus nerka)","Salmon"
"80","Far Eastern Catfish (Silurus asotus)","Catfish"
"80","Japanese Eel (Anguilla japonica)","Eel"
"80","Korean Bullhead (Pseudobagrus fulvidraco)","Catfish"
"80","Leather Carp (Cyprinus carpio nudus)","Cyprinids (Carp/Minnows)"
"80","Rainbow Trout (Oncorhynchus mykiss)","Salmon"
"80","Softshell Turtle (Trionyxs sinensis)","Other or Not Otherwise Grouped Aquatic Foods"
"81","Gilthead Sea Bream (Sparus aurata)","Seabass/Sea Bream"
"82","Oyster (no species specified)","Oyster"
"82","Salmon (no species specified)","Salmon"
"82","Shrimp (no species specified)","Shrimp/Prawn"
"82","Striped Catfish (Pangasisanodon hypophthalmus)","Catfish"
"84","Atlantic Salmon (Salmo salar)","Salmon"
"84","Blue Mussel (Mytilus edulis)","Mussel"
"84","Common Cockle (Cerastoderma edule)","Clam/Cockle"
"84","European Perch (Perca fluviatilis)","Perch/Sunfish"
"84","Grooved Carpet Shell (Ruditapes decussatus)","Clam/Cockle"
"84","Largemouth Bass (Micropterus salmoides)","Other or Not Otherwise Grouped Aquatic Foods"
"84","Rainbow Trout (Oncorhynchus mykiss)","Salmon"
"84","Striped Catfish (Pangasisanodon hypophthalmus)","Catfish"
"85","Atlantic Cod (Gadus morhua)","Cod"
"85","Common Carp (Cyprinus carpio)","Cyprinids (Carp/Minnows)"
"85","European Perch (Perca fluviatilis)","Perch/Sunfish"
"86","European Sea Bass (Dicentrarchus labrax)","Seabass/Sea Bream"
"86","Gilthead Sea Bream (Sparus aurata)","Seabass/Sea Bream"
"87","Mussel (no species specified)","Mussel"
"87","Ocean Perch (no species specified)","Perch/Sunfish"
"87","Oyster (no species specified)","Oyster"
"87","Pangas Catfish (Pangasius pangasius)","Catfish"
"87","Salmon (no species specified)","Salmon"
"87","Scallops (no species specified)","Scallop"
"87","Tilapia (no species specified)","Tilapia"
"87","Trout (no species specified)","Trout"
"88","Hard Clam (Meretrix lusoria)","Clam/Cockle"
"88","Spotted Babylon (Babylonia areolata)","Whelk/Abalone/Other Gastropods"
"88","Variegated Carpet Shell (Ruditapes variegatus)","Clam/Cockle"
"88","Yellow Drum (Nibea albiflora)","Croaker/Drum"
"89","Atlantic Bay Scallop (Argopecten irradians)","Scallop"
"89","Atlantic Cod (Gadus morhua)","Cod"
"89","Blue Crab (Callinectes sapidus)","Crab"
"89","Brown Clam (no species specified)","Clam/Cockle"
"89","Catfish (no species specified)","Catfish"
"89","Clam (no species specified)","Clam/Cockle"
"89","Crawfish (no species specified)","Lobster/Crayfish"
"89","Mussel (no species specified)","Mussel"
"89","Ocean Perch (no species specified)","Perch/Sunfish"
"89","Oyster (no species specified)","Oyster"
"89","Pink Salmon (Oncorhynchus gorbuscha)","Salmon"
"89","Rainbow Trout (Oncorhynchus mykiss)","Salmon"
"89","Scallop (no species specified)","Scallop"
"89","Sockeye Salmon (Oncorhynchus nerka)","Salmon"
"89","Striped Catfish (Pangasisanodon hypophthalmus)","Catfish"
"89","Tilapia (no species specified)","Tilapia"
"89","Turbot (Scophthalmus maximus)","Whelk/Abalone/Other Gastropods"
"9","Atlantic Salmon (Salmo salar)","Salmon"
"9","Chinook Salmon (Oncorhynchus tshawytscha)","Salmon"
"9","Chum Salmon (Oncorhynchus keta)","Salmon"
"9","Sockeye Salmon (Oncorhynchus nerka)","Salmon"
"90","Blue Mussel (Mytilus edulis)","Mussel"
"90","Carp (no species specified)","Cyprinids (Carp/Minnows)"
"90","Flounder (Platichthys flesus)","Flatfish"
"90","Gilthead Sea Bream (Sparus aurata)","Seabass/Sea Bream"
"90","Salmon (no species specified)","Salmon"
"90","Sea Bream (no species specified)","Seabass/Sea Bream"
"90","Trout (no species specified)","Trout"
"90","Turbot (Scophthalmus maximus)","Whelk/Abalone/Other Gastropods"
"91","Atlantic Salmon (Salmo salar)","Salmon"
"91","Goldstriped Amberjack (Seriola lalandi)","Jack/Scad"
"91","Mullet (Mugil platanus)","Mullet"
"92","Bighead Carp (Hypophthalmichthys nobilis)","Cyprinids (Carp/Minnows)"
"92","Milkfish (no species specified)","Other or Not Otherwise Grouped Aquatic Foods"
"92","Mirror Carp (Cyprinus carpio specularis)","Cyprinids (Carp/Minnows)"
"92","Rainbow Trout (Oncorhynchus mykiss)","Salmon"
"92","Red Mullet (Mullus barbatus)","Mullet"
"92","Silver Carp (Hypophthalmichthys molitrix)","Cyprinids (Carp/Minnows)"
"92","Whiteleg Shrimp (Litopenaeus vannamei)","Shrimp/Prawn"
"93","Bicolor Mussel (Mytella guyanensis)","Mussel"
"93","Mullet (Mugil brasiliensis)","Mullet"
"94","Blue Mussel (Mytilus edulis)","Mussel"
"95","Annular Seabream (Diplodus annularis)","Seabass/Sea Bream"
"95","Black Seabream (Spondyliosoma cantharus)","Seabass/Sea Bream"
"95","Blackspot Seabream (Pagellus bogaraveo)","Seabass/Sea Bream"
"95","Common Two-banded Seabream (Diplodus vulgaris)","Seabass/Sea Bream"
"95","European Flat Oyster (Ostrea edulis)","Oyster"
"95","European Sea Bass (Dicentrarchus labrax)","Seabass/Sea Bream"
"95","Gilthead Sea Bream (Sparus aurata)","Seabass/Sea Bream"
"95","Greater Amberjack (Seriola dumerili)","Jack/Scad"
"95","Grooved Carpet Shell (Ruditapes decussatus)","Clam/Cockle"
"95","Manila Clam (Ruditapes philippinarum)","Clam/Cockle"
"95","Mediterranean Mussel (Mytilus galloprovincialis)","Mussel"
"95","Pacific Oyster (Crassostrea gigas)","Oyster"
"95","Red Mullet (Mullus barbatus)","Mullet"
"95","Scallop (Pecten jacobaeus)","Scallop"
"95","Sea Mullet (Mugil cephalus)","Mullet"
"95","Sea Urchin (Paracentrotus lividus)","Sea cucumber/Urchin"
"95","Striped Venus (Chamelea gallina)","Clam/Cockle"
"95","Variegated Scallop (Chlamys varia)","Scallop"
"95","Warty Venus (Venus verrucosa)","Clam/Cockle"
"95","Wedge Clam (Donax trunculus)","Clam/Cockle"
"95","White Sea Bream (Diplodus sargus)","Seabass/Sea Bream"
"96","Blood Cockle (Tegillarca granosa)","Clam/Cockle"
"96","Hen Clam (no species specified)","Clam/Cockle"
"96","Rock Oyster (Striostrea prismatica)","Oyster"
"96","Scallop (no species specified)","Scallop"
"96","Short-neck Clam (no species specified)","Clam/Cockle"
"97","Salmon (no species specified)","Salmon"
"98","African Catfish (Clarias gariepinus)","Catfish"
"98","Coral Trout (Plectropomus leopardus)","Trout"
"98","Jade Perch (Scortum barcoo)","Perch/Sunfish"
"98","Mad Barb (Leptobarbus hoevenii)","Cyprinids (Carp/Minnows)"
"98","Pangasius Catfish (Pangasius hypophthalmus)","Catfish"
"98","Sea Bass (no species specified)","Seabass/Sea Bream"
"98","Seaweed (Eucheuma cottonii)","Seaweed/Algae"
"98","Tilapia (Niloticus niloticus)","Tilapia"
"98","Whiteleg Shrimp (Litopenaeus vannamei)","Shrimp/Prawn"
"99","Clam (Scrobicularia plana)","Clam/Cockle"
